idCanonico,nombreArqon,unidadArqon,clase,codigoSinapi,hoja,descripcionSinapi,unidadSinapi,factor,precioEstimadoSP,precioSinapiSP,ratio,motivo,accion,usoItems,lineasCatalogo,tipoInsumo,categoria
br_alambre_de_puas_galvanizado_simple_rollo_500_m_rollo,"Arame farpado galvanizado simples, rolo 500 m",Rollo,DUDOSO,340,ICD,"ARAME FARPADO GALVANIZADO, 16 BWG (1,65 MM), CLASSE 250",M,500,284,595.0,2.095,Rollo de 500 m = 500 m del alambre de púas 16 BWG (el mismo código que ya usa br_alambre_con_puas_galvanizado_simple_m). · 28-sep: el rollo puede ser de 250 o 500 m (el insumo no lo dice): revisar antes de mapear,MAPEAR,0,0,MATERIAL,Acero y Metal
br_alambre_galvanizado_n_12_2_76_mm_kg,"Arame galvanizado 12 BWG (2,76 mm)",Kg,SEGURO,43130,ICD,"ARAME GALVANIZADO 12 BWG, D = 2,76 MM (0,048 KG/M) OU 14 BWG, D = 2,11 MM (0,026 KG/M)",KG,1,12.55,21.66,1.726,"Mismo producto: arame galvanizado 12 BWG (2,76 mm), kg.",MAPEAR,0,0,MATERIAL,Acero y Metal
br_alambre_galvanizado_n_8_4_20_mm_kg,"Arame galvanizado 8 BWG (4,20 mm)",Kg,SEGURO,43131,ICD,"ARAME GALVANIZADO 6 BWG, D = 5,16 MM (0,157 KG/M), OU 8 BWG, D = 4,19 MM (0,101 KG/M), OU 10 BWG, D = 3,40 MM (0,0713 KG/M)",KG,1,12.87,25.16,1.955,"Mismo producto: arame galvanizado 8 BWG (4,19 mm), kg (el código agrupa 6/8/10 BWG).",MAPEAR,0,0,MATERIAL,Acero y Metal
br_angular_1_x_1_8_m,Cantoneira 1″ X 1/8″,m,SEGURO,567,ICD,"CANTONEIRA (ABAS IGUAIS) EM ACO CARBONO, 25,4 MM X 3,17 MM (L X E), 1,27KG/M",M,1,11.93,11.27,0.945,"Cantoneira 25,4 × 3,17 mm, por metro.",MAPEAR,4,4,MATERIAL,Acero y Metal
br_angular_de_acero_1_8_1_1_2_barra,Cantoneira de aço 1/8″ × 1 1/2″,Barra,SEGURO,574,ICD,"CANTONEIRA (ABAS IGUAIS) EM ACO CARBONO, 38,1 MM X 3,17 MM (L X E), 3,48 KG/M",M,6,92.28,177.84,1.927,"Cantoneira 38,1 × 3,17 mm por metro × barra de 6 m.",MAPEAR,0,0,MATERIAL,Acero y Metal
br_angular_de_acero_1_8_1_barra,Cantoneira de aço 1/8″ × 1″,Barra,SEGURO,567,ICD,"CANTONEIRA (ABAS IGUAIS) EM ACO CARBONO, 25,4 MM X 3,17 MM (L X E), 1,27KG/M",M,6,53.99,67.62,1.252,"Cantoneira 25,4 × 3,17 mm por metro × barra de 6 m.",MAPEAR,0,0,MATERIAL,Acero y Metal
br_fierro_corrugado_1_4_6mm_l_12m_barra,Vergalhão de Aço CA-50 1/4″ (6mm) L=12m,Barra,SEGURO,32,ICD,"ACO CA-50, 6,3 MM, VERGALHAO",KG,2.94,12.55,20.7564,1.654,"Aço CA-50 6,3 mm vergalhão, kg; 12 m × 0,245 kg/m (NBR 7480).",MAPEAR,1,1,MATERIAL,Acero y Metal
br_fierro_corrugado_3_8_10mm_l_12m_barra,Vergalhão de Aço CA-50 3/8″ (10mm) L=12m,Barra,SEGURO,34,ICD,"ACO CA-50, 10,0 MM, VERGALHAO",KG,7.404,32.64,49.5328,1.518,"Aço CA-50 10 mm, kg; 12 m × 0,617 kg/m (el mismo código que br_fierro_corrugado_kg).",MAPEAR,1,1,MATERIAL,Acero y Metal
br_fierro_corrugado_o_10_mm_3_8_barra,Vergalhão de aço CA-50 Ø 10 mm (3/8″),Barra,SEGURO,34,ICD,"ACO CA-50, 10,0 MM, VERGALHAO",KG,7.404,52.42,49.5328,0.945,"Aço CA-50 10 mm, kg; barra de 12 m × 0,617 kg/m.",MAPEAR,0,0,MATERIAL,Acero y Metal
br_fierro_corrugado_o_12_mm_1_2_barra,Vergalhão de aço CA-50 Ø 12 mm (1/2″),Barra,SEGURO,43055,ICD,"ACO CA-50, 12,5 MM OU 16,0 MM, VERGALHAO",KG,11.556,76.58,67.0248,0.875,"Aço CA-50 12,5 mm (el código agrupa 12,5/16), kg; 12 m × 0,963 kg/m.",MAPEAR,0,0,MATERIAL,Acero y Metal
br_fierro_corrugado_o_16_mm_5_8_barra,Vergalhão de aço CA-50 Ø 16 mm (5/8″),Barra,SEGURO,43055,ICD,"ACO CA-50, 12,5 MM OU 16,0 MM, VERGALHAO",KG,18.936,142,109.8288,0.773,"Aço CA-50 16 mm, kg; 12 m × 1,578 kg/m.",MAPEAR,0,0,MATERIAL,Acero y Metal
br_fierro_corrugado_o_20_mm_3_4_barra,Vergalhão de aço CA-50 Ø 20 mm (3/4″),Barra,SEGURO,43056,ICD,"ACO CA-50, 20,0 MM OU 25,0 MM, VERGALHAO",KG,29.592,233,197.9705,0.85,"Aço CA-50 20 mm (el código agrupa 20/25), kg; 12 m × 2,466 kg/m.",MAPEAR,0,0,MATERIAL,Acero y Metal
br_fierro_corrugado_o_25_mm_1_barra,Vergalhão de aço CA-50 Ø 25 mm (1″),Barra,SEGURO,43056,ICD,"ACO CA-50, 20,0 MM OU 25,0 MM, VERGALHAO",KG,46.236,372,309.3188,0.832,"Aço CA-50 25 mm, kg; 12 m × 3,853 kg/m.",MAPEAR,0,0,MATERIAL,Acero y Metal
br_fierro_corrugado_o_6_mm_1_4_barra,Vergalhão de aço CA-50 Ø 6 mm (1/4″),Barra,SEGURO,32,ICD,"ACO CA-50, 6,3 MM, VERGALHAO",KG,2.94,23.23,20.7564,0.894,"Aço CA-50 6,3 mm, kg; 12 m × 0,245 kg/m.",MAPEAR,0,0,MATERIAL,Acero y Metal
br_fierro_corrugado_o_8_mm_5_16_barra,Vergalhão de aço CA-50 Ø 8 mm (5/16″),Barra,SEGURO,33,ICD,"ACO CA-50, 8,0 MM, VERGALHAO",KG,4.74,37.66,33.654,0.894,"Aço CA-50 8 mm, kg; 12 m × 0,395 kg/m.",MAPEAR,0,0,MATERIAL,Acero y Metal
br_fierro_liso_1_4_6mm_barra,Barra de Aço Lisa CA-25 1/4″ (6mm),Barra,SEGURO,43053,ICD,"ACO CA-25, 6,3 MM OU 8,0 MM, VERGALHAO",KG,2.94,13.18,18.8748,1.432,"Aço CA-25 6,3 mm (bitola brasileña de 1/4""), kg; barra de 12 m × 0,245 kg/m (masa nominal NBR 7480) = 2,94 kg.",MAPEAR,1,1,MATERIAL,Acero y Metal
br_fierro_liso_3_8_10mm_l_12m_barra,Barra de Aço Lisa CA-25 3/8″ (10mm) L=12m,Barra,SEGURO,43054,ICD,"ACO CA-25, 10,0 MM, OU 12,5 MM, OU 16,0 MM, OU 20,0 MM, OU 25,0 MM, VERGALHAO",KG,7.404,43.94,53.2348,1.212,"Aço CA-25 10 mm, kg; 12 m × 0,617 kg/m (NBR 7480).",MAPEAR,1,1,MATERIAL,Acero y Metal
br_fierro_liso_o_10_mm_3_8_barra,Barra de aço lisa CA-25 Ø 10 mm (3/8″),Barra,SEGURO,43054,ICD,"ACO CA-25, 10,0 MM, OU 12,5 MM, OU 16,0 MM, OU 20,0 MM, OU 25,0 MM, VERGALHAO",KG,7.404,65.28,53.2348,0.815,"Aço CA-25 10 mm, kg; barra de 12 m × 0,617 kg/m (NBR 7480).",MAPEAR,0,0,MATERIAL,Acero y Metal
br_fierro_liso_o_12_mm_1_2_barra,Barra de aço lisa CA-25 Ø 12 mm (1/2″),Barra,SEGURO,43054,ICD,"ACO CA-25, 10,0 MM, OU 12,5 MM, OU 16,0 MM, OU 20,0 MM, OU 25,0 MM, VERGALHAO",KG,11.556,88.51,83.0876,0.939,"Aço CA-25 12,5 mm (bitola brasileña de 1/2""), kg; 12 m × 0,963 kg/m (NBR 7480).",MAPEAR,0,0,MATERIAL,Acero y Metal
br_fierro_liso_o_6_mm_1_4_barra,Barra de aço lisa CA-25 Ø 6 mm (1/4″),Barra,SEGURO,43053,ICD,"ACO CA-25, 6,3 MM OU 8,0 MM, VERGALHAO",KG,2.94,26.05,18.8748,0.725,"Aço CA-25 6,3 mm, kg; 12 m × 0,245 kg/m (NBR 7480).",MAPEAR,0,0,MATERIAL,Acero y Metal
br_fierro_liso_o_8_mm_5_16_barra,Barra de aço lisa CA-25 Ø 8 mm (5/16″),Barra,SEGURO,43053,ICD,"ACO CA-25, 6,3 MM OU 8,0 MM, VERGALHAO",KG,4.74,43.63,30.4308,0.697,"Aço CA-25 8 mm, kg; 12 m × 0,395 kg/m (NBR 7480).",MAPEAR,0,0,MATERIAL,Acero y Metal
br_perfil_canal_de_92_mm_l_4_m_pza,Guia de Drywall 92 Mm L=4 M,Pza,SEGURO,39420,ICD,"PERFIL GUIA, FORMATO U, EM ACO ZINCADO, PARA ESTRUTURA PAREDE DRYWALL, E = 0,5 MM, 90 X 3000 MM (L X C)",M,4,21.97,27.12,1.234,"Perfil guia U drywall 90 mm (92 mm nominal ArqOn), por m × pieza de 4 m.",MAPEAR,2,2,MATERIAL,Acero y Metal
br_perfil_poste_92_mm_l_2_4_m_pza,Perfil Montante 92 Mm L=2.4 M,Pza,SEGURO,39423,ICD,"PERFIL MONTANTE, FORMATO C, EM ACO ZINCADO, PARA ESTRUTURA PAREDE DRYWALL, E = 0,5 MM, 90 X 3000 MM (L X C)",M,2.4,16.63,19.416,1.168,"Perfil montante C drywall 90 mm por m × pieza de 2,4 m.",MAPEAR,2,2,MATERIAL,Acero y Metal
br_perfil_stud_92_mm_l_2_40_m_pza,Perfil Montante (Stud) 92 Mm L=2.40 M,Pza,SEGURO,39423,ICD,"PERFIL MONTANTE, FORMATO C, EM ACO ZINCADO, PARA ESTRUTURA PAREDE DRYWALL, E = 0,5 MM, 90 X 3000 MM (L X C)",M,2.4,17.58,19.416,1.104,"Perfil montante C drywall 90 mm por m × pieza de 2,40 m.",MAPEAR,2,2,MATERIAL,Acero y Metal
br_perfil_track_de_92_mm_l_4_m_pza,Perfil Guia (Track) 92 Mm L=4 M,Pza,SEGURO,39420,ICD,"PERFIL GUIA, FORMATO U, EM ACO ZINCADO, PARA ESTRUTURA PAREDE DRYWALL, E = 0,5 MM, 90 X 3000 MM (L X C)",M,4,23.23,27.12,1.167,Perfil guia U drywall 90 mm por m × pieza de 4 m.,MAPEAR,2,2,MATERIAL,Acero y Metal
br_pletina_3_4_1_8_m,Barra Chata 3/4″ - 1/8″,m,SEGURO,566,ICD,"BARRA DE ACO CHATO, RETANGULAR, 19,05 MM X 3,17 MM (L X E), 0,47 KG/M",M,1,4.83,4.22,0.874,"Barra chata 19,05 × 3,17 mm (3/4"" × 1/8""), por metro.",MAPEAR,1,1,MATERIAL,Acero y Metal
br_pletina_de_acero_1_4_2_6_50_mm_barra,Barra chata de aço 1/4″ × 2″ (6 × 50 mm),Barra,SEGURO,559,ICD,"BARRA DE ACO CHATO, RETANGULAR, 50,8 MM X 6,35 MM (L X E), 2,53 KG/M",M,6,119,136.32,1.146,"Barra chata 50,8 × 6,35 mm por metro; barra comercial de 6 m → factor 6.",MAPEAR,0,0,MATERIAL,Acero y Metal
br_pletina_de_acero_1_8_3_4_3_20_mm_barra,Barra chata de aço 1/8″ × 3/4″ (3 × 20 mm),Barra,SEGURO,566,ICD,"BARRA DE ACO CHATO, RETANGULAR, 19,05 MM X 3,17 MM (L X E), 0,47 KG/M",M,6,22.91,25.32,1.105,"Barra chata 19,05 × 3,17 mm por metro × barra de 6 m.",MAPEAR,0,0,MATERIAL,Acero y Metal
br_pletina_de_acero_3_16_1_5_25_mm_barra,Barra chata de aço 3/16″ × 1″ (5 × 25 mm),Barra,SEGURO,565,ICD,"BARRA DE ACO CHATO, RETANGULAR, 25,4 MM X 4,76 MM (L X E), 0,94 KG/M",M,6,43.94,50.16,1.142,"Barra chata 25,4 × 4,76 mm por metro × barra de 6 m.",MAPEAR,0,0,MATERIAL,Acero y Metal
br_tornillo_t1_pza,Parafuso T1,Pza,SEGURO,39442,ICD,"PARAFUSO DRY WALL, EM ACO ZINCADO, CABECA LENTILHA E PONTA AGULHA (LA), LARGURA 4,2 MM, COMPRIMENTO 13 MM",UN,1,0.16,0.16,1.0,"T1 de durlock = parafuso drywall cabeça lentilha ponta agulha 4,2 × 13 mm (metal-metal).",MAPEAR,6,6,MATERIAL,Acero y Metal
br_tornillo_t2_pza,Parafuso T2,Pza,SEGURO,39435,ICD,"PARAFUSO DRY WALL, EM ACO FOSFATIZADO, CABECA TROMBETA E PONTA AGULHA (TA), COMPRIMENTO 25 MM",UN,1,0.09,0.09,1.0,T2 de durlock = parafuso drywall cabeça trombeta ponta agulha 25 mm (placa-metal).,MAPEAR,4,4,MATERIAL,Acero y Metal
br_binda_fraguador_fragua_para_juntas_5_kg,Rejunte para juntas cerâmicas,5 kg,SEGURO,34357,ICD,"REJUNTE CIMENTICIO, QUALQUER COR",KG,5,55.24,20.55,0.372,"Rejunte cimentício, kg × bolsa de 5 kg.",MAPEAR,0,0,MATERIAL,Adhesivos
br_cola_fresca_kg,Cola Branca (PVA),Kg,SEGURO,44396,ICD,COLA BRANCA BASE PVA,KG,1,10.67,44.16,4.139,"Cola blanca base PVA, kg. Ratio fuera de rango revisado: misma unidad y sin factor; la diferencia viene de la estimación boliviana.",MAPEAR,1,1,MATERIAL,Adhesivos
br_limpiador_para_pvc_y_cpvc_2_l,Solução limpadora para PVC e CPVC,2 l,SEGURO,20083,ICD,"SOLUCAO PREPARADORA / LIMPADORA PARA PVC, FRASCO COM 1000 CM3",UN,2,72.19,149.94,2.077,Solución limpiadora PVC frasco 1000 cm³ → 2 L = 2 frascos.,MAPEAR,0,0,MATERIAL,Adhesivos
br_sika_boom_s_espuma_de_poliuretano_500_ml,"Sika Boom-S, espuma de poliuretano",500 ml,SEGURO,38124,ICD,"ESPUMA EXPANSIVA DE POLIURETANO, APLICACAO MANUAL - 500 ML",UN,1,74.07,27.0,0.365,Espuma expansiva de poliuretano 500 ml (mismo envase).,MAPEAR,0,0,MATERIAL,Adhesivos
br_sikaflex_1_a_cm3,Sikaflex 1-A,cm3,SEGURO,142,ICD,SELANTE ELASTICO MONOCOMPONENTE A BASE DE POLIURETANO (PU) PARA JUNTAS DIVERSAS,310ML,0.0032258,0.19,0.1072,0.564,Sellador PU monocomponente: el SINAPI viene en cartucho de 310 ml → 1 cm³ = 1/310 del cartucho.,MAPEAR,1,1,MATERIAL,Adhesivos
br_silicona_incolora_o_negra_para_vidrio_pza,Silicone incolor ou preto para vidro,Pza,SEGURO,39961,ICD,SILICONE ACETICO USO GERAL INCOLOR 280 G,UN,1,24.8,21.96,0.885,Silicona acética incolora 280 g (el mismo código que br_silicona_tubo).,MAPEAR,0,0,MATERIAL,Adhesivos
br_piedra_para_cimiento_m3,Pedra de Mão para Fundação,m3,SEGURO,4730,ICD,"PEDRA DE MAO OU PEDRA RACHAO PARA ARRIMO/FUNDACAO (POSTO PEDREIRA/FORNECEDOR, SEM FRETE)",M3,1,115,81.87,0.712,Pedra de mão / rachão para fundação (el mismo código que br_piedra_bruta_m3).,MAPEAR,0,0,MATERIAL,Agregados
br_piedra_pizarra_cortada_30_30_cm_m2,Pedra ardósia cortada 30×30 cm,m2,SEGURO,10730,ICD,"PEDRA ARDOSIA, CINZA, 30 X 30, E= *1 CM",M2,1,64.03,43.51,0.68,"Pedra ardósia cinza 30×30 cm, m².",MAPEAR,0,0,MATERIAL,Agregados
br_cal_kg,Cal Hidratada,Kg,SEGURO,1106,ICD,CAL HIDRATADA CH-I PARA ARGAMASSAS,KG,1,8.47,1.1,0.13,"Cal hidratada CH-I para argamassas, kg. Ratio fuera de rango revisado: misma unidad y sin factor; el estimado (R$ 8,47/kg) está inflado.",MAPEAR,1,1,MATERIAL,Cemento y Cal
br_cemento_portland_ip30_kg,Cimento Portland IP-30,Kg,SEGURO,34753,ICD,CIMENTO PORTLAND POZOLANICO CP IV-32,KG,1,0.75,0.68,0.907,"IP-30 (portland puzolánico) ↔ CP IV-32 pozolânico, kg.",MAPEAR,0,0,MATERIAL,Cemento y Cal
br_placa_de_yeso_12_5_mm_1_2x2_4_m_pza,Placa de Gesso Acartonado 12.5 Mm 1.2X2.4 M,Pza,SEGURO,39413,ICD,"PLACA / CHAPA DE GESSO ACARTONADO, STANDARD (ST), COR BRANCA, E = 12,5 MM, 1200 X 2400 MM (L X C)",M2,2.88,58.69,59.0976,1.007,"Placa gesso acartonado ST 12,5 mm 1200×2400, m² × 2,88 m² por placa.",MAPEAR,2,2,MATERIAL,Cemento y Cal
br_cubierta_de_poliuretano_e_30_mm_m2,Telha Sanduíche com Poliuretano E=30 Mm,m2,SEGURO,40740,ICD,"TELHA GALVALUME COM ISOLAMENTO TERMOACUSTICO EM ESPUMA RIGIDA DE POLIURETANO (PU) INJETADO, ESPESSURA DE 30 MM, DENSIDADE DE 35 KG/M3, REVESTIMENTO EM TELHA TRAPEZOIDAL NAS DUAS FACES COM ESPESSURA DE 0,50 MM CADA, ACABAMENTO NATURAL (NAO INCLUI ACESSORIOS DE FIXACAO)",M2,1,220,173.79,0.79,"Telha sándwich de PU 30 mm (galvalume), m².",MAPEAR,1,1,MATERIAL,Cubiertas
br_plancha_de_tecnopor_100_50_1_0_cm_pza,Placa de EPS (isopor) 100×50×1.0 cm,Pza,SEGURO,11615,ICD,"POLIESTIRENO EXPANDIDO/EPS (ISOPOR), TIPO 2F, PLACA, ISOLAMENTO TERMOACUSTICO, E = 10 MM, 1000 X 500 MM",M2,0.5,3.7,2.49,0.673,"Placa EPS 2F 10 mm 1000×500, m² × 0,5.",MAPEAR,0,0,MATERIAL,Cubiertas
br_plancha_de_tecnopor_100_50_2_0_cm_pza,Placa de EPS (isopor) 100×50×2.0 cm,Pza,SEGURO,3408,ICD,"POLIESTIRENO EXPANDIDO/EPS (ISOPOR), TIPO 2F, PLACA, ISOLAMENTO TERMOACUSTICO, E = 20 MM, 1000 X 500 MM",M2,0.5,7.22,6.61,0.916,"Placa EPS 2F 20 mm 1000×500, m² × 0,5.",MAPEAR,0,0,MATERIAL,Cubiertas
br_plancha_de_tecnopor_100_50_5_0_cm_pza,Placa de EPS (isopor) 100×50×5.0 cm,Pza,SEGURO,3409,ICD,"POLIESTIRENO EXPANDIDO/EPS (ISOPOR), TIPO 2F, PLACA, ISOLAMENTO TERMOACUSTICO, E = 50 MM, 1000 X 500 MM",M2,0.5,17.89,16.525,0.924,"Placa EPS 2F 50 mm 1000×500, m² × 0,5.",MAPEAR,0,0,MATERIAL,Cubiertas
br_plastoform_100x50x1_cm_pza,Placa de EPS (Isopor) 100X50X1 Cm,Pza,SEGURO,11615,ICD,"POLIESTIRENO EXPANDIDO/EPS (ISOPOR), TIPO 2F, PLACA, ISOLAMENTO TERMOACUSTICO, E = 10 MM, 1000 X 500 MM",M2,0.5,2.51,2.49,0.992,"Placa EPS 2F 10 mm 1000×500, m² × 0,5 m² por placa.",MAPEAR,4,4,MATERIAL,Cubiertas
br_aire_acondicionado_tipo_split_9000_btu_pza,Ar Condicionado Tipo Split 9000 BTU,Pza,SEGURO,42424,ICD,"AR-CONDICIONADO SPLIT INVERTER, HI-WALL (PAREDE), 9000 BTU/H, CICLO FRIO, 60HZ, CLASSIFICACAO A (SELO PROCEL), GAS HFC, CONTROLE S/FIO",UN,1,2228,2020.75,0.907,"Split hi-wall 9000 BTU/h (inverter, sólo frío).",MAPEAR,1,1,MATERIAL,Eléctrico
br_cable_enchaquetado_2x6_mm_m,Cabo Multipolar 2x6 mm²,m,SEGURO,34609,ICD,"CABO FLEXIVEL PVC 750 V, 2 CONDUTORES DE 6,0 MM2",M,1,8.79,17.89,2.035,"Cable flexible PVC 750 V 2 × 6 mm², m.",MAPEAR,1,1,MATERIAL,Eléctrico
br_codo_para_conduit_3_4_pza,"CURVA para Eletroduto Ø 3/4""",Pza,SEGURO,39272,ICD,"CURVA 90 GRAUS, CURTA, DE PVC RIGIDO ROSCAVEL, DE 3/4"", PARA ELETRODUTO",UN,1,0.75,2.18,2.907,"Curva 90° corta de PVC rígido roscable 3/4"" para electroducto.",MAPEAR,0,0,MATERIAL,Eléctrico
br_electroducto_flexible_corrugado_20_mm_1_2_m,Eletroduto Flexível Corrugado 20 Mm (1/2″),m,SEGURO,2689,ICD,"ELETRODUTO PVC FLEXIVEL CORRUGADO, COR AMARELA, DE 20 MM",M,1,2.2,2.09,0.95,"Electroducto PVC flexible corrugado 20 mm, m.",MAPEAR,1,1,MATERIAL,Eléctrico
br_electroducto_flexible_corrugado_32_mm_1_m,Eletroduto Flexível Corrugado 32 Mm (1″),m,SEGURO,2690,ICD,"ELETRODUTO PVC FLEXIVEL CORRUGADO, COR AMARELA, DE 32 MM",M,1,4.21,3.87,0.919,"Electroducto PVC flexible corrugado 32 mm, m.",MAPEAR,1,1,MATERIAL,Eléctrico
br_interruptor_termico_2x30_amp_pza,Disjuntor Termomagnético 2X30 Amp,Pza,SEGURO,34616,ICD,"DISJUNTOR TERMOMAGNETICO PARA TRILHO DIN (IEC), BIPOLAR, 6 - 32 A",UN,1,34.53,48.24,1.397,Disyuntor termomagnético DIN bipolar 6-32 A.,MAPEAR,1,1,MATERIAL,Eléctrico
br_interruptor_termico_2x40_amp_pza,Disjuntor Termomagnético 2X40 Amp,Pza,SEGURO,34623,ICD,"DISJUNTOR TERMOMAGNETICO PARA TRILHO DIN (IEC), BIPOLAR, 40 - 50 A",UN,1,37.66,47.5,1.261,Disyuntor termomagnético DIN bipolar 40-50 A.,MAPEAR,1,1,MATERIAL,Eléctrico
br_plaqueta_interruptor_simple_pza,Placa com Interruptor Simples,Pza,SEGURO,38062,ICD,"INTERRUPTOR SIMPLES 10A, 250V, CONJUNTO MONTADO PARA EMBUTIR 4"" X 2"" (PLACA + SUPORTE + MODULO)",UN,1,14.44,7.03,0.487,"Interruptor simple 10 A conjunto 4""×2"" (placa + soporte + módulo).",MAPEAR,2,2,MATERIAL,Eléctrico
br_plaqueta_toma_de_internet_pza,Placa com Tomada de Internet,Pza,SEGURO,38083,ICD,"TOMADA RJ45, 8 FIOS, CAT 5E, CONJUNTO MONTADO PARA EMBUTIR 4"" X 2"" (PLACA + SUPORTE + MODULO)",UN,1,17.58,35.63,2.027,"Toma RJ45 cat 5e conjunto 4""×2"" (placa + soporte + módulo).",MAPEAR,1,1,MATERIAL,Eléctrico
br_tablero_de_distribucion_6_circuitos_pza,Quadro de Distribuição 6 circuitos,Pza,SEGURO,39804,ICD,"QUADRO DE DISTRIBUICAO, EM PVC, DE EMBUTIR, COM BARRAMENTO TERRA / NEUTRO, PARA 6 DISJUNTORES NEMA OU 8 DISJUNTORES DIN",UN,1,113,79.95,0.708,Quadro de distribución PVC de embutir para 6 disyuntores NEMA / 8 DIN.,MAPEAR,1,1,MATERIAL,Eléctrico
br_tomacorriente_doble_pza,Tomada Dupla,Pza,SEGURO,38076,ICD,"TOMADAS (2 MODULOS) 2P+T 10A, 250V, CONJUNTO MONTADO PARA EMBUTIR 4"" X 2"" (PLACA + SUPORTE + MODULOS)",UN,1,11.3,17.79,1.574,"Tomas (2 módulos) 2P+T 10 A, conjunto 4""×2"".",MAPEAR,1,1,MATERIAL,Eléctrico
br_ttubo_conduit_pvc_1_m,"Eletroduto de PVC 1""",m,SEGURO,2685,ICD,"ELETRODUTO DE PVC RIGIDO ROSCAVEL DE 1"", SEM LUVA",M,1,3.45,6.73,1.951,"Electroducto de PVC rígido roscable 1"", m (la misma familia que los conduit ya mapeados).",MAPEAR,0,0,MATERIAL,Eléctrico
br_diesel_l,Diesel,L,SEGURO,4221,ICD,OLEO DIESEL COMBUSTIVEL COMUM METROPOLITANO S-10 OU S-500,L,1,2.35,6.47,2.753,"Óleo diesel común, L.",MAPEAR,1,1,MATERIAL,Ferretería
br_flotador_electrico_pza,Chave Boia Elétrica,Pza,SEGURO,7588,ICD,"AUTOMATICO DE BOIA SUPERIOR / INFERIOR, *15* A / 250 V",UN,1,136,44.9,0.33,Automático de boya (interruptor de nivel) 15 A / 250 V.,MAPEAR,3,3,MATERIAL,Ferretería
br_fulminante_pza,Espoleta,Pza,SEGURO,2759,ICD,ESPOLETA SIMPLES N 8.,UN,1,3.14,11.37,3.621,"Espoleta simple N° 8. [Ratio 3.621 fuera de 0,33-3 revisado: mismo producto, misma unidad, factor 1; la diferencia viene del estimado boliviano.]",MAPEAR,1,1,MATERIAL,Ferretería
br_placa_telefono_pza,Placa para Tomada de Telefone,Pza,SEGURO,38082,ICD,"TOMADA RJ11, 2 FIOS, CONJUNTO MONTADO PARA EMBUTIR 4"" X 2"" (PLACA + SUPORTE + MODULO)",UN,1,18.83,20.19,1.072,"Toma RJ11 conjunto 4""×2"" (placa + soporte + módulo).",MAPEAR,1,1,MATERIAL,Ferretería
br_vidrio_plano_arg_incoloro_3_mm_m2,Vidro Plano Argentino Incolor 3 Mm,m2,SEGURO,10490,ICD,VIDRO LISO INCOLOR 2 A 3 MM - SEM COLOCACAO,M2,1,40.8,131.68,3.227,"Vidrio liso incoloro 2 a 3 mm sin colocación, m². [Ratio 3.227 fuera de 0,33-3 revisado: mismo producto, misma unidad, factor 1; la diferencia viene del estimado boliviano.]",MAPEAR,1,1,MATERIAL,Ferretería
br_vidrio_plano_incoloro_6_mm_m2,Vidro Plano Incolor 6 Mm,m2,SEGURO,10491,ICD,VIDRO LISO INCOLOR 6 MM - SEM COLOCACAO,M2,1,89.14,213.2,2.392,"Vidrio liso incoloro 6 mm sin colocación, m².",MAPEAR,1,1,MATERIAL,Ferretería
br_antisol_normalizado_curador_de_hormigon_20_kg,"Antisol Normalizado, cura química para concreto",20 kg,SEGURO,42409,ICD,"AGENTE DE CURA, PROTETOR DA EVAPORACAO DA AGUA DE HIDRATACAO DO CONCRETO",KG,20,456,225.8,0.495,"Agente de curado de concreto (antievaporación), kg × 20.",MAPEAR,0,0,MATERIAL,Impermeabilización
br_sika_1_impermeabilizante_de_masa_l,"Sika 1, impermeabilizante de massa",L,SEGURO,123,ICD,"ADITIVO IMPERMEABILIZANTE DE PEGA NORMAL PARA ARGAMASSAS E CONCRETOS SEM ARMACAO, LIQUIDO E ISENTO DE CLORETOS",L,1,16.32,6.93,0.425,"Aditivo impermeabilizante de fraguado normal para morteros y concretos sin armar, líquido: es la descripción de Sika 1.",MAPEAR,0,0,MATERIAL,Impermeabilización
br_adoquin_comanche_pza,Paralelepípedo de Pedra Comanche,Pza,SEGURO,4385,ICD,"PARALELEPIPEDO GRANITICO OU BASALTICO, PARA PAVIMENTACAO, SEM FRETE (VARIACAO REGIONAL DE PECAS POR M2)",MIL,0.001,4.02,3.2505,0.809,"Paralelepípedo granítico o basáltico, por millar → 1 pieza = 0,001.",MAPEAR,1,1,MATERIAL,Ladrillos y Cerámicos
br_binda_standard_adhesivo_para_ceramica_20_kg,Argamassa colante para cerâmica,20 kg,SEGURO,1381,ICD,ARGAMASSA COLANTE AC I PARA CERAMICAS,KG,20,32.01,14.0,0.437,"Argamassa colante AC I para cerámica, kg × bolsa de 20 kg.",MAPEAR,0,0,MATERIAL,Ladrillos y Cerámicos
br_bloque_de_vidrio_20_x_20_cm_pza,Bloco de Vidro 20 X 20 Cm,Pza,SEGURO,716,ICD,"BLOCO / TIJOLO DE VIDRO INCOLOR, XADREZ, *20 X 20 X 10* CM (A X L X E)",UN,1,15.07,20.44,1.356,Bloco/tijolo de vidrio incoloro 20×20×10 cm.,MAPEAR,1,1,MATERIAL,Ladrillos y Cerámicos
br_ceramica_esmaltada_brasil_m2,Revestimento Cerâmico Esmaltado Brasileiro,m2,SEGURO,536,ICD,"REVESTIMENTO PARA PAREDE, EM CERAMICA ESMALTADA, FORMATO MENOR OU IGUAL A 2025 CM2",M2,1,55.24,27.55,0.499,"Revestimiento cerámico esmaltado ≤ 2025 cm², m² (el mismo código que los azulejos ya mapeados).",MAPEAR,1,1,MATERIAL,Ladrillos y Cerámicos
br_ceramica_esmaltada_brasilena_30_30_cm_m2,Revestimento cerâmico esmaltado brasileiro 30×30 cm,m2,SEGURO,536,ICD,"REVESTIMENTO PARA PAREDE, EM CERAMICA ESMALTADA, FORMATO MENOR OU IGUAL A 2025 CM2",M2,1,58.38,27.55,0.472,Revestimiento esmaltado 30×30 (900 cm²) ≤ 2025 cm².,MAPEAR,0,0,MATERIAL,Ladrillos y Cerámicos
br_ceramica_esmaltada_brasilena_33_33_cm_m2,Revestimento cerâmico esmaltado brasileiro 33×33 cm,m2,SEGURO,536,ICD,"REVESTIMENTO PARA PAREDE, EM CERAMICA ESMALTADA, FORMATO MENOR OU IGUAL A 2025 CM2",M2,1,63.4,27.55,0.435,Revestimiento esmaltado 33×33 (1089 cm²) ≤ 2025 cm².,MAPEAR,0,0,MATERIAL,Ladrillos y Cerámicos
br_ceramica_esmaltada_nal_20x30cm_m2,Revestimento Cerâmico Esmaltado NAC. 20x30cm,m2,SEGURO,536,ICD,"REVESTIMENTO PARA PAREDE, EM CERAMICA ESMALTADA, FORMATO MENOR OU IGUAL A 2025 CM2",M2,1,45.51,27.55,0.605,Revestimiento esmaltado 20×30 (600 cm²) ≤ 2025 cm².,MAPEAR,0,0,MATERIAL,Ladrillos y Cerámicos
br_ceramica_nacional_22_34_cm_m2,Revestimento cerâmico nacional 22×34 cm,m2,SEGURO,536,ICD,"REVESTIMENTO PARA PAREDE, EM CERAMICA ESMALTADA, FORMATO MENOR OU IGUAL A 2025 CM2",M2,1,37.66,27.55,0.732,22×34 (748 cm²) ≤ 2025 cm².,MAPEAR,0,0,MATERIAL,Ladrillos y Cerámicos
br_ceramica_nacional_25_25_cm_m2,Revestimento cerâmico nacional 25×25 cm,m2,SEGURO,536,ICD,"REVESTIMENTO PARA PAREDE, EM CERAMICA ESMALTADA, FORMATO MENOR OU IGUAL A 2025 CM2",M2,1,39.55,27.55,0.697,25×25 (625 cm²) ≤ 2025 cm².,MAPEAR,0,0,MATERIAL,Ladrillos y Cerámicos
br_ceramica_nacional_34_34_cm_m2,Revestimento cerâmico nacional 34×34 cm,m2,SEGURO,536,ICD,"REVESTIMENTO PARA PAREDE, EM CERAMICA ESMALTADA, FORMATO MENOR OU IGUAL A 2025 CM2",M2,1,42.06,27.55,0.655,34×34 (1156 cm²) ≤ 2025 cm².,MAPEAR,0,0,MATERIAL,Ladrillos y Cerámicos
br_ceramica_nacional_40_40_cm_m2,Revestimento cerâmico nacional 40×40 cm,m2,SEGURO,536,ICD,"REVESTIMENTO PARA PAREDE, EM CERAMICA ESMALTADA, FORMATO MENOR OU IGUAL A 2025 CM2",M2,1,44.88,27.55,0.614,40×40 (1600 cm²) ≤ 2025 cm².,MAPEAR,0,0,MATERIAL,Ladrillos y Cerámicos
br_piso_ceramico_eliane_33_33_cm_m2,Piso cerâmico Eliane 33×33 cm,m2,SEGURO,1287,ICD,"PISO EM CERAMICA ESMALTADA, COR LISA, PEI MAIOR OU IGUAL A 4, FORMATO MENOR OU IGUAL A 2025 CM2",M2,1,65.28,29.62,0.454,"Piso cerámico esmaltado ≤ 2025 cm² (33×33 = 1089 cm²), m² (la marca no cambia el insumo).",MAPEAR,0,0,MATERIAL,Ladrillos y Cerámicos
br_revestimiento_ceramico_nacional_m2,Revestimento cerâmico nacional,m2,SEGURO,536,ICD,"REVESTIMENTO PARA PAREDE, EM CERAMICA ESMALTADA, FORMATO MENOR OU IGUAL A 2025 CM2",M2,1,34.53,27.55,0.798,Revestimiento cerámico ≤ 2025 cm².,MAPEAR,0,0,MATERIAL,Ladrillos y Cerámicos
br_lija_para_madera_hoja,Lixa para Madeira,Hoja,SEGURO,3767,ICD,"LIXA EM FOLHA PARA PAREDE OU MADEIRA, NUMERO 120, COR VERMELHA",UN,1,1.76,1.35,0.767,Lija en hoja para pared o madera N° 120 (el mismo código que br_lija_hoja).,MAPEAR,1,1,MATERIAL,Madera
br_madera_en_liston_2_x_2_p2,Sarrafo de Madeira 2″ X 2″,p2,SEGURO,4513,ICD,"CAIBRO 5 X 5 CM EM PINUS, MISTA OU EQUIVALENTE DA REGIAO - BRUTA",M,0.9144,5.65,4.9103,0.869,"Listón 2""×2"" ↔ caibro 5×5 cm de pinus por m: 1 p2 de 2""×2"" = 36"" = 0,9144 m.",MAPEAR,1,1,MATERIAL,Madera
br_yute_m2,JUTA,m2,SEGURO,44529,ICD,TELA DE ANIAGEM (JUTA),M2,1,3.45,20.96,6.075,"Tela de arpillera (yute), m². [Ratio 6.075 fuera de 0,33-3 revisado: mismo producto, misma unidad, factor 1; la diferencia viene del estimado boliviano.]",MAPEAR,0,0,MATERIAL,Obras Civiles
br_pintura_al_aceite_l,Tinta a Óleo,L,SEGURO,43776,ICD,"TINTA A OLEO BRILHANTE, PARA MADEIRAS E METAIS",L,1,25.11,29.29,1.166,"Pintura al aceite brillante para madera y metal, L.",MAPEAR,1,1,MATERIAL,Pinturas
br_pintura_latex_interior_l,Tinta Látex para Interior,L,SEGURO,35692,ICD,"TINTA LATEX ACRILICA STANDARD, COR BRANCA",L,1,21.97,21.07,0.959,"Tinta látex acrílica standard, L (el mismo código que br_pintura_latex_l).",MAPEAR,1,1,MATERIAL,Pinturas
br_pintura_sintetica_color_azul_gal,Tinta Esmalte Sintético Azul,L,SEGURO,43647,ICD,TINTA ESMALTE SINTETICO STANDARD BRILHANTE,L,1,21.83,31.28,1.433,"Esmalte sintético standard brillante, L (el color no cambia el insumo).",MAPEAR,1,1,MATERIAL,Pinturas
br_anillo_de_goma_stp_2_pza,Anel de Borracha para Junta Elástica 2″,Pza,SEGURO,296,ICD,"ANEL BORRACHA PARA TUBO ESGOTO PREDIAL, DN 50 MM (NBR 5688)",UN,1,6.28,1.69,0.269,"Anillo de goma para tubo de desagüe DN 50 (2""), NBR 5688. [Ratio 0.269 fuera de 0,33-3 revisado: mismo producto, misma unidad, factor 1; la diferencia viene del estimado boliviano.]",MAPEAR,1,1,MATERIAL,Plomería
br_anillo_de_goma_stp_4_pza,Anel de Borracha para Junta Elástica 4″,Pza,SEGURO,301,ICD,"ANEL BORRACHA PARA TUBO ESGOTO PREDIAL, DN 100 MM (NBR 5688)",UN,1,8.79,3.0,0.341,"Anillo de goma para tubo de desagüe DN 100 (4""), NBR 5688.",MAPEAR,3,3,MATERIAL,Plomería
br_caneria_fg_2_1_2_l_6m_pza,Tubo de Ferro Galvanizado 2½″ L=6m,Pza,SEGURO,7701,ICD,"TUBO ACO GALVANIZADO COM COSTURA, CLASSE MEDIA, DN 2.1/2"", E = *3,65* MM, PESO *6,51* KG/M (NBR 5580)",M,6,345,571.44,1.656,"Tubo galvanizado clase media DN 2 1/2"" por m × 6 m.",MAPEAR,1,1,MATERIAL,Plomería
br_caneria_fg_2_l_6m_pza,Tubo de Ferro Galvanizado 2″ L=6m,Pza,SEGURO,7696,ICD,"TUBO ACO GALVANIZADO COM COSTURA, CLASSE MEDIA, DN 2"", E = *3,65* MM, PESO *5,10* KG/M (NBR 5580)",M,6,345,460.44,1.335,"Tubo galvanizado clase media DN 2"" por m × 6 m.",MAPEAR,1,1,MATERIAL,Plomería
br_caneria_fg_3_l_6m_pza,Tubo de Ferro Galvanizado 3″ L=6m,Pza,SEGURO,7694,ICD,"TUBO ACO GALVANIZADO COM COSTURA, CLASSE MEDIA, DN 3"", E = *4,05* MM, PESO *8,47* KG/M (NBR 5580)",M,6,447,768.96,1.72,"Tubo galvanizado clase media DN 3"" por m × 6 m.",MAPEAR,1,1,MATERIAL,Plomería
br_caneria_galvanizada_de_1_2_m,Tubo Galvanizado de 1/2″,m,SEGURO,7691,ICD,"TUBO ACO GALVANIZADO COM COSTURA, CLASSE MEDIA, DN 1/2"", E = *2,65* MM, PESO *1,22* KG/M (NBR 5580)",M,1,26.99,19.36,0.717,"Tubo de acero galvanizado clase media DN 1/2"", m (la misma clase que br_tuberia_galvanizada_fg_2_m).",MAPEAR,1,1,MATERIAL,Plomería
br_caneria_galvanizada_de_2_m,Tubo Galvanizado de 2″,m,SEGURO,7696,ICD,"TUBO ACO GALVANIZADO COM COSTURA, CLASSE MEDIA, DN 2"", E = *3,65* MM, PESO *5,10* KG/M (NBR 5580)",M,1,95.42,76.74,0.804,"Tubo galvanizado clase media DN 2"", m.",MAPEAR,1,1,MATERIAL,Plomería
br_caneria_galvanizada_de_3_4_m,Tubo Galvanizado de 3/4″,m,SEGURO,7700,ICD,"TUBO ACO GALVANIZADO COM COSTURA, CLASSE MEDIA, DN 3/4"", E = *2,65* MM, PESO *1,58* KG/M (NBR 5580)",M,1,32.01,24.48,0.765,"Tubo galvanizado clase media DN 3/4"", m.",MAPEAR,1,1,MATERIAL,Plomería
br_caneria_galvanizada_o_1_1_2_pza,Tubo galvanizado Ø 1 1/2″,Pza,SEGURO,7697,ICD,"TUBO ACO GALVANIZADO COM COSTURA, CLASSE MEDIA, DN 1.1/2"", E = *3,25* MM, PESO *3,61* KG/M (NBR 5580)",M,6,348,319.32,0.918,"Tubo galvanizado clase media DN 1 1/2"" por m × barra de 6 m (como los «L=6m»).",MAPEAR,0,0,MATERIAL,Plomería
br_caneria_galvanizada_o_1_1_4_pza,Tubo galvanizado Ø 1 1/4″,Pza,SEGURO,7698,ICD,"TUBO ACO GALVANIZADO COM COSTURA, CLASSE MEDIA, DN 1.1/4"", E = *3,25* MM, PESO *3,14* KG/M (NBR 5580)",M,6,247,274.86,1.113,"Tubo galvanizado clase media DN 1 1/4"" × 6 m.",MAPEAR,0,0,MATERIAL,Plomería
br_caneria_galvanizada_o_1_2_pza,Tubo galvanizado Ø 1/2″,Pza,SEGURO,7691,ICD,"TUBO ACO GALVANIZADO COM COSTURA, CLASSE MEDIA, DN 1/2"", E = *2,65* MM, PESO *1,22* KG/M (NBR 5580)",M,6,129,116.16,0.9,"Tubo galvanizado clase media DN 1/2"" × 6 m.",MAPEAR,0,0,MATERIAL,Plomería
br_caneria_galvanizada_o_1_pza,Tubo galvanizado Ø 1″,Pza,SEGURO,40626,ICD,"TUBO ACO GALVANIZADO COM COSTURA, CLASSE MEDIA, DN 1"", E = 3,38 MM, PESO 2,50 KG/M (NBR 5580)",M,6,223,217.98,0.977,"Tubo galvanizado clase media DN 1"" × 6 m.",MAPEAR,0,0,MATERIAL,Plomería
br_caneria_galvanizada_o_2_pza,Tubo galvanizado Ø 2″,Pza,SEGURO,7696,ICD,"TUBO ACO GALVANIZADO COM COSTURA, CLASSE MEDIA, DN 2"", E = *3,65* MM, PESO *5,10* KG/M (NBR 5580)",M,6,439,460.44,1.049,"Tubo galvanizado clase media DN 2"" × 6 m.",MAPEAR,0,0,MATERIAL,Plomería
br_caneria_galvanizada_o_3_4_pza,Tubo galvanizado Ø 3/4″,Pza,SEGURO,7700,ICD,"TUBO ACO GALVANIZADO COM COSTURA, CLASSE MEDIA, DN 3/4"", E = *2,65* MM, PESO *1,58* KG/M (NBR 5580)",M,6,153,146.88,0.96,"Tubo galvanizado clase media DN 3/4"" × 6 m.",MAPEAR,0,0,MATERIAL,Plomería
br_chupador_1_pza,Válvula de Pé com Crivo 1″,Pza,SEGURO,10234,ICD,"VALVULA DE RETENCAO DE BRONZE, PE COM CRIVOS, EXTREMIDADE COM ROSCA, DE 1"", PARA FUNDO DE POCO",UN,1,40.8,110.46,2.707,"Válvula de pie con criba de bronce 1"".",MAPEAR,1,1,MATERIAL,Plomería
br_codo_de_cobre_con_terminal_rosca_interna_o_1_2_pza,Joelho de cobre com rosca interna Ø 1/2″,Pza,SEGURO,39869,ICD,"COTOVELO BRONZE/LATAO SEM ANEL DE SOLDA, BOLSA X ROSCA F, 15MM X 1/2""",UN,1,17.58,20.05,1.141,"Codo bronce/latón bolsa × rosca hembra 15 mm × 1/2"".",MAPEAR,0,0,MATERIAL,Plomería
br_codo_de_cobre_con_terminal_rosca_interna_o_3_4_pza,Joelho de cobre com rosca interna Ø 3/4″,Pza,SEGURO,39871,ICD,"COTOVELO BRONZE/LATAO SEM ANEL DE SOLDA, BOLSA X ROSCA F, 22MM X 3/4""",UN,1,28.25,34.37,1.217,"Codo bronce/latón bolsa × rosca hembra 22 mm × 3/4"".",MAPEAR,0,0,MATERIAL,Plomería
br_codo_de_cobre_o_1_2_12_mm_pza,Joelho de cobre Ø 1/2″ (12 mm),Pza,SEGURO,12714,ICD,"COTOVELO DE COBRE 90 GRAUS SEM ANEL DE SOLDA, BOLSA X BOLSA, 15 MM",UN,1,11.3,7.51,0.665,"Codo de cobre 90° bolsa × bolsa 15 mm (1/2"").",MAPEAR,0,0,MATERIAL,Plomería
br_codo_de_cobre_o_3_4_16_mm_pza,Joelho de cobre Ø 3/4″ (16 mm),Pza,SEGURO,12715,ICD,"COTOVELO DE COBRE 90 GRAUS SEM ANEL DE SOLDA, BOLSA X BOLSA, 22 MM",UN,1,23.85,16.95,0.711,"Codo de cobre 90° bolsa × bolsa 22 mm (3/4"").",MAPEAR,0,0,MATERIAL,Plomería
br_codo_galvanizado_1_2_pza,Joelho Galvanizado 1/2″,Pza,SEGURO,3455,ICD,"COTOVELO 90 GRAUS DE FERRO GALVANIZADO, COM ROSCA BSP, DE 1/2""",UN,1,5.65,7.41,1.312,"Codo 90° de hierro galvanizado BSP 1/2"".",MAPEAR,2,2,MATERIAL,Plomería
br_codo_galvanizado_o_1_1_2_37_mm_pza,Joelho galvanizado Ø 1 1/2″ (37 mm),Pza,SEGURO,3458,ICD,"COTOVELO 90 GRAUS DE FERRO GALVANIZADO, COM ROSCA BSP, DE 1 1/2""",UN,1,35.78,34.74,0.971,"Codo 90° galvanizado BSP 1 1/2"".",MAPEAR,0,0,MATERIAL,Plomería
br_codo_galvanizado_o_1_1_4_30_mm_pza,Joelho galvanizado Ø 1 1/4″ (30 mm),Pza,SEGURO,3457,ICD,"COTOVELO 90 GRAUS DE FERRO GALVANIZADO, COM ROSCA BSP, DE 1 1/4""",UN,1,28.25,26.08,0.923,"Codo 90° galvanizado BSP 1 1/4"".",MAPEAR,0,0,MATERIAL,Plomería
br_codo_galvanizado_o_1_25_mm_pza,Joelho galvanizado Ø 1″ (25 mm),Pza,SEGURO,3472,ICD,"COTOVELO 90 GRAUS DE FERRO GALVANIZADO, COM ROSCA BSP, DE 1""",UN,1,16.32,16.64,1.02,"Codo 90° galvanizado BSP 1"".",MAPEAR,0,0,MATERIAL,Plomería
br_codo_galvanizado_o_1_2_12_mm_pza,Joelho galvanizado Ø 1/2″ (12 mm),Pza,SEGURO,3455,ICD,"COTOVELO 90 GRAUS DE FERRO GALVANIZADO, COM ROSCA BSP, DE 1/2""",UN,1,6.91,7.41,1.072,"Codo 90° galvanizado BSP 1/2"".",MAPEAR,0,0,MATERIAL,Plomería
br_codo_galvanizado_o_2_50_mm_pza,Joelho galvanizado Ø 2″ (50 mm),Pza,SEGURO,3471,ICD,"COTOVELO 90 GRAUS DE FERRO GALVANIZADO, COM ROSCA BSP, DE 2""",UN,1,47.71,53.31,1.117,"Codo 90° galvanizado BSP 2"".",MAPEAR,0,0,MATERIAL,Plomería
br_codo_galvanizado_o_3_4_16_mm_pza,Joelho galvanizado Ø 3/4″ (16 mm),Pza,SEGURO,3456,ICD,"COTOVELO 90 GRAUS DE FERRO GALVANIZADO, COM ROSCA BSP, DE 3/4""",UN,1,10.99,11.08,1.008,"Codo 90° galvanizado BSP 3/4"".",MAPEAR,0,0,MATERIAL,Plomería
br_codo_rosca_pvc_1_pza,Joelho de PVC Roscável 1″,Pza,SEGURO,3482,ICD,"JOELHO PVC, ROSCAVEL, 90 GRAUS, 1"", COR BRANCA, PARA AGUA FRIA PREDIAL",UN,1,4.39,7.17,1.633,"Codo PVC roscable 90° 1"", agua fría.",MAPEAR,2,2,MATERIAL,Plomería
br_copla_galvanizada_o_1_1_2_37_mm_pza,Luva galvanizada Ø 1 1/2″ (37 mm),Pza,SEGURO,3939,ICD,"LUVA DE FERRO GALVANIZADO, COM ROSCA BSP, DE 1 1/2""",UN,1,21.66,24.5,1.131,"Cupla de hierro galvanizado BSP 1 1/2"".",MAPEAR,0,0,MATERIAL,Plomería
br_copla_galvanizada_o_1_1_4_30_mm_pza,Luva galvanizada Ø 1 1/4″ (30 mm),Pza,SEGURO,3911,ICD,"LUVA DE FERRO GALVANIZADO, COM ROSCA BSP, DE 1 1/4""",UN,1,18.2,20.02,1.1,"Cupla galvanizada 1 1/4"".",MAPEAR,0,0,MATERIAL,Plomería
br_copla_galvanizada_o_1_25_mm_pza,Luva galvanizada Ø 1″ (25 mm),Pza,SEGURO,3910,ICD,"LUVA DE FERRO GALVANIZADO, COM ROSCA BSP, DE 1""",UN,1,12.55,14.32,1.141,"Cupla galvanizada 1"".",MAPEAR,0,0,MATERIAL,Plomería
br_copla_galvanizada_o_1_2_12_mm_pza,Luva galvanizada Ø 1/2″ (12 mm),Pza,SEGURO,3908,ICD,"LUVA DE FERRO GALVANIZADO, COM ROSCA BSP, DE 1/2""",UN,1,7.85,6.47,0.824,"Cupla galvanizada 1/2"".",MAPEAR,0,0,MATERIAL,Plomería
br_copla_galvanizada_o_2_50_mm_pza,Luva galvanizada Ø 2″ (50 mm),Pza,SEGURO,3912,ICD,"LUVA DE FERRO GALVANIZADO, COM ROSCA BSP, DE 2""",UN,1,31.07,37.53,1.208,"Cupla galvanizada 2"".",MAPEAR,0,0,MATERIAL,Plomería
br_copla_galvanizada_o_3_4_16_mm_pza,Luva galvanizada Ø 3/4″ (16 mm),Pza,SEGURO,3909,ICD,"LUVA DE FERRO GALVANIZADO, COM ROSCA BSP, DE 3/4""",UN,1,10.36,8.8,0.849,"Cupla galvanizada 3/4"".",MAPEAR,0,0,MATERIAL,Plomería
br_copla_rosca_pvc_1_2_pza,Luva de PVC Roscável 1/2″,Pza,SEGURO,3883,ICD,"LUVA PVC, ROSCAVEL, 1/2"", AGUA FRIA PREDIAL",UN,1,2.2,2.02,0.918,"Cupla PVC roscable 1/2"", agua fría.",MAPEAR,1,1,MATERIAL,Plomería
br_copla_rosca_pvc_1_pza,Luva de PVC Roscável 1″,Pza,SEGURO,3876,ICD,"LUVA PVC, ROSCAVEL, 1"", AGUA FRIA PREDIAL",UN,1,2.82,6.28,2.227,"Cupla PVC roscable 1"".",MAPEAR,1,1,MATERIAL,Plomería
br_copla_rosca_pvc_3_4_pza,Luva de PVC Roscável 3/4″,Pza,SEGURO,3884,ICD,"LUVA PVC, ROSCAVEL, 3/4"", AGUA FRIA PREDIAL",UN,1,2.51,3.19,1.271,"Cupla PVC roscable 3/4"".",MAPEAR,1,1,MATERIAL,Plomería
br_cruz_galvanizada_o_1_25_mm_pza,Cruzeta galvanizada Ø 1″ (25 mm),Pza,SEGURO,1648,ICD,"CRUZETA DE FERRO GALVANIZADO, COM ROSCA BSP, DE 1""",UN,1,37.04,44.13,1.191,"Cruceta galvanizada 1"".",MAPEAR,0,0,MATERIAL,Plomería
br_cruz_galvanizada_o_1_2_12_mm_pza,Cruzeta galvanizada Ø 1/2″ (12 mm),Pza,SEGURO,1647,ICD,"CRUZETA DE FERRO GALVANIZADO, COM ROSCA BSP, DE 1/2""",UN,1,19.77,22.98,1.162,"Cruceta de hierro galvanizado BSP 1/2"".",MAPEAR,0,0,MATERIAL,Plomería
br_cruz_galvanizada_o_2_50_mm_pza,Cruzeta galvanizada Ø 2″ (50 mm),Pza,SEGURO,1650,ICD,"CRUZETA DE FERRO GALVANIZADO, COM ROSCA BSP, DE 2""",UN,1,82.23,113.15,1.376,"Cruceta galvanizada 2"".",MAPEAR,0,0,MATERIAL,Plomería
br_cruz_galvanizada_o_3_4_16_mm_pza,Cruzeta galvanizada Ø 3/4″ (16 mm),Pza,SEGURO,1654,ICD,"CRUZETA DE FERRO GALVANIZADO, COM ROSCA BSP, DE 3/4""",UN,1,29.5,31.54,1.069,"Cruceta galvanizada 3/4"".",MAPEAR,0,0,MATERIAL,Plomería
br_llave_de_paso_cortina_1_2_pza,Registro de Gaveta 1/2″,Pza,SEGURO,6020,ICD,"REGISTRO GAVETA BRUTO EM LATAO FORJADO, BITOLA 1/2""",UN,1,40.8,26.03,0.638,"Registro de gaveta bruto de latón 1/2"" (la misma familia que br_llave_de_paso_cortina_3_4_pza).",MAPEAR,1,1,MATERIAL,Plomería
br_niple_hexagonal_galvanizado_1_2_pza,Niple Hexagonal Galvanizado 1/2″,Pza,SEGURO,4177,ICD,"NIPLE DE FERRO GALVANIZADO, COM ROSCA BSP, DE 1/2""",UN,1,5.96,6.03,1.012,"Niple de hierro galvanizado BSP 1/2"".",MAPEAR,1,1,MATERIAL,Plomería
br_niple_hexagonal_galvanizado_o_1_25_mm_pza,Niple hexagonal galvanizado Ø 1″ (25 mm),Pza,SEGURO,4179,ICD,"NIPLE DE FERRO GALVANIZADO, COM ROSCA BSP, DE 1""",UN,1,10.04,12.35,1.23,"Niple galvanizado 1"".",MAPEAR,0,0,MATERIAL,Plomería
br_niple_hexagonal_galvanizado_o_1_2_12_mm_pza,Niple hexagonal galvanizado Ø 1/2″ (12 mm),Pza,SEGURO,4177,ICD,"NIPLE DE FERRO GALVANIZADO, COM ROSCA BSP, DE 1/2""",UN,1,7.85,6.03,0.768,"Niple galvanizado 1/2"".",MAPEAR,0,0,MATERIAL,Plomería
br_niple_hexagonal_galvanizado_o_2_50_mm_pza,Niple hexagonal galvanizado Ø 2″ (50 mm),Pza,SEGURO,4181,ICD,"NIPLE DE FERRO GALVANIZADO, COM ROSCA BSP, DE 2""",UN,1,32.33,37.55,1.161,"Niple galvanizado 2"".",MAPEAR,0,0,MATERIAL,Plomería
br_niple_hexagonal_galvanizado_o_3_4_16_mm_pza,Niple hexagonal galvanizado Ø 3/4″ (16 mm),Pza,SEGURO,4178,ICD,"NIPLE DE FERRO GALVANIZADO, COM ROSCA BSP, DE 3/4""",UN,1,10.04,8.37,0.834,"Niple galvanizado 3/4"".",MAPEAR,0,0,MATERIAL,Plomería
br_reduccion_galvanizada_de_1_1_2_a_1_pza,Bucha de redução galvanizada de 1 1/2″ para 1″,Pza,SEGURO,791,ICD,"BUCHA DE REDUCAO DE FERRO GALVANIZADO, COM ROSCA BSP, DE 1 1/2"" X 1""",UN,1,20.09,22.12,1.101,"Bucha de reducción galvanizada 1 1/2"" × 1"".",MAPEAR,0,0,MATERIAL,Plomería
br_reduccion_galvanizada_de_1_1_4_a_1_pza,Bucha de redução galvanizada de 1 1/4″ para 1″,Pza,SEGURO,789,ICD,"BUCHA DE REDUCAO DE FERRO GALVANIZADO, COM ROSCA BSP, DE 1 1/4"" X 1""",UN,1,11.3,17.0,1.504,"Bucha de reducción galvanizada 1 1/4"" × 1"".",MAPEAR,0,0,MATERIAL,Plomería
br_reduccion_galvanizada_de_1_a_1_2_pza,Bucha de redução galvanizada de 1″ para 1/2″,Pza,SEGURO,764,ICD,"BUCHA DE REDUCAO DE FERRO GALVANIZADO, COM ROSCA BSP, DE 1"" X 1/2""",UN,1,6.03,10.69,1.773,"Bucha de reducción galvanizada 1"" × 1/2"".",MAPEAR,0,0,MATERIAL,Plomería
br_reduccion_galvanizada_de_2_a_1_pza,Bucha de redução galvanizada de 2″ para 1″,Pza,SEGURO,771,ICD,"BUCHA DE REDUCAO DE FERRO GALVANIZADO, COM ROSCA BSP, DE 2"" X 1""",UN,1,28.88,29.68,1.028,"Bucha de reducción galvanizada 2"" × 1"".",MAPEAR,0,0,MATERIAL,Plomería
br_reduccion_galvanizada_de_3_4_a_1_2_pza,Bucha de redução galvanizada de 3/4″ para 1/2″,Pza,SEGURO,779,ICD,"BUCHA DE REDUCAO DE FERRO GALVANIZADO, COM ROSCA BSP, DE 3/4"" X 1/2""",UN,1,5.34,7.38,1.382,"Bucha de reducción galvanizada 3/4"" × 1/2"".",MAPEAR,0,0,MATERIAL,Plomería
br_reduccion_galvanizado_1_3_4_pza,Bucha de Redução Galvanizada 1″ - 3/4″,Pza,SEGURO,765,ICD,"BUCHA DE REDUCAO DE FERRO GALVANIZADO, COM ROSCA BSP, DE 1"" X 3/4""",UN,1,6.59,10.69,1.622,"Bucha de reducción de hierro galvanizado BSP 1"" × 3/4"".",MAPEAR,2,2,MATERIAL,Plomería
br_supertubo_hdpe_20_mm_1_2_m,Tubo de PEAD 20 Mm (1/2″),m,SEGURO,9813,ICD,"TUBO DE POLIETILENO DE ALTA DENSIDADE (PEAD), PE-80, DE = 20 MM X 2,3 MM DE PAREDE, PARA LIGACAO DE AGUA PREDIAL (NBR 15561)",M,1,3.39,5.49,1.619,"Tubo PEAD PE-80 DE 20 mm para conexión domiciliaria, m.",MAPEAR,1,1,MATERIAL,Plomería
br_supertubo_hdpe_32_mm_1_m,Tubo de PEAD 32 Mm (1″),m,SEGURO,9815,ICD,"TUBO DE POLIETILENO DE ALTA DENSIDADE (PEAD), PE-80, DE = 32 MM X 3,0 MM DE PAREDE, PARA LIGACAO DE AGUA PREDIAL (NBR 15561)",M,1,5.84,10.84,1.856,"Tubo PEAD PE-80 DE 32 mm para conexión domiciliaria, m.",MAPEAR,1,1,MATERIAL,Plomería
br_tee_de_cobre_o_1_2_12_mm_pza,Tê de cobre Ø 1/2″ (12 mm),Pza,SEGURO,12733,ICD,"TE DE COBRE SEM ANEL DE SOLDA, BOLSA X BOLSA X BOLSA, 15 MM",UN,1,16.63,10.21,0.614,"Tee de cobre bolsa×bolsa×bolsa 15 mm (1/2"").",MAPEAR,0,0,MATERIAL,Plomería
br_tee_de_cobre_o_3_4_16_mm_pza,Tê de cobre Ø 3/4″ (16 mm),Pza,SEGURO,12734,ICD,"TE DE COBRE SEM ANEL DE SOLDA, BOLSA X BOLSA X BOLSA, 22 MM",UN,1,28.56,21.76,0.762,"Tee de cobre 22 mm (3/4"").",MAPEAR,0,0,MATERIAL,Plomería
br_tee_galvanizada_o_1_1_2_37_mm_pza,Tê galvanizado Ø 1 1/2″ (37 mm),Pza,SEGURO,6297,ICD,"TE DE FERRO GALVANIZADO, DE 1 1/2""",UN,1,37.35,44.74,1.198,"Tee galvanizada 1 1/2"".",MAPEAR,0,0,MATERIAL,Plomería
br_tee_galvanizada_o_1_1_4_30_mm_pza,Tê galvanizado Ø 1 1/4″ (30 mm),Pza,SEGURO,6296,ICD,"TE DE FERRO GALVANIZADO, DE 1 1/4""",UN,1,25.11,35.32,1.407,"Tee galvanizada 1 1/4"".",MAPEAR,0,0,MATERIAL,Plomería
br_tee_galvanizada_o_1_25_mm_pza,Tê galvanizado Ø 1″ (25 mm),Pza,SEGURO,6323,ICD,"TE DE FERRO GALVANIZADO, DE 1""",UN,1,18.83,23.08,1.226,"Tee galvanizada 1"".",MAPEAR,0,0,MATERIAL,Plomería
br_tee_galvanizada_o_1_2_12_mm_pza,Tê galvanizado Ø 1/2″ (12 mm),Pza,SEGURO,6294,ICD,"TE DE FERRO GALVANIZADO, DE 1/2""",UN,1,8.79,10.07,1.146,"Tee galvanizada 1/2"".",MAPEAR,0,0,MATERIAL,Plomería
br_tee_galvanizada_o_2_50_mm_pza,Tê galvanizado Ø 2″ (50 mm),Pza,SEGURO,6298,ICD,"TE DE FERRO GALVANIZADO, DE 2""",UN,1,50.53,70.87,1.403,"Tee galvanizada 2"".",MAPEAR,0,0,MATERIAL,Plomería
br_tee_galvanizada_o_3_4_16_mm_pza,Tê galvanizado Ø 3/4″ (16 mm),Pza,SEGURO,6295,ICD,"TE DE FERRO GALVANIZADO, DE 3/4""",UN,1,14.12,14.34,1.016,"Tee galvanizada 3/4"".",MAPEAR,0,0,MATERIAL,Plomería
br_tee_galvanizado_1_2_pza,Tê Galvanizado 1/2″,Pza,SEGURO,6294,ICD,"TE DE FERRO GALVANIZADO, DE 1/2""",UN,1,8.16,10.07,1.234,"Tee de hierro galvanizado 1/2"".",MAPEAR,2,2,MATERIAL,Plomería
br_tee_rosca_pvc_1_pza,Tê de PVC Roscável 1″,Pza,SEGURO,7094,ICD,"TE PVC ROSCAVEL 90 GRAUS, 1"", PARA AGUA FRIA PREDIAL",UN,1,6.28,16.53,2.632,"Tee PVC roscable 90° 1"", agua fría.",MAPEAR,2,2,MATERIAL,Plomería
br_terminal_de_cobre_con_rosca_interna_o_1_2_pza,Conector de cobre com rosca interna Ø 1/2″,Pza,SEGURO,39862,ICD,"CONECTOR BRONZE/LATAO SEM ANEL DE SOLDA, BOLSA X ROSCA F, 15 MM X 1/2""",UN,1,16.01,20.19,1.261,"Conector bronce/latón bolsa × rosca hembra 15 mm × 1/2"" (tubo de cobre 1/2"" = 15 mm).",MAPEAR,0,0,MATERIAL,Plomería
br_terminal_de_cobre_con_rosca_interna_o_3_4_pza,Conector de cobre com rosca interna Ø 3/4″,Pza,SEGURO,39864,ICD,"CONECTOR BRONZE/LATAO SEM ANEL DE SOLDA, BOLSA X ROSCA F, 22 MM X 3/4""",UN,1,27.62,25.4,0.92,"Conector bronce/latón bolsa × rosca hembra 22 mm × 3/4"".",MAPEAR,0,0,MATERIAL,Plomería
br_tuberia_galvanizada_fg_1_2_m,Tubo de Ferro Galvanizado 1/2″,m,SEGURO,7691,ICD,"TUBO ACO GALVANIZADO COM COSTURA, CLASSE MEDIA, DN 1/2"", E = *2,65* MM, PESO *1,22* KG/M (NBR 5580)",M,1,26.99,19.36,0.717,"Tubo galvanizado clase media DN 1/2"", m.",MAPEAR,1,1,MATERIAL,Plomería
br_tuberia_rosca_pvc_1_2_m,Tubo de PVC Roscável 1/2″,m,SEGURO,9856,ICD,"TUBO PVC, ROSCAVEL, 1/2"", AGUA FRIA PREDIAL",M,1,5.96,10.47,1.757,"Tubo PVC roscable 1/2"", agua fría (la misma familia que br_tuberia_rosca_pvc_1_m).",MAPEAR,1,1,MATERIAL,Plomería
br_union_universal_galvanizada_o_1_25_mm_pza,União universal galvanizada Ø 1″ (25 mm),Pza,SEGURO,9886,ICD,"UNIAO DE FERRO GALVANIZADO, COM ROSCA BSP, COM ASSENTO PLANO, DE 1""",UN,1,40.18,35.54,0.885,"Unión galvanizada 1"".",MAPEAR,0,0,MATERIAL,Plomería
br_union_universal_galvanizada_o_1_2_12_mm_pza,União universal galvanizada Ø 1/2″ (12 mm),Pza,SEGURO,9883,ICD,"UNIAO DE FERRO GALVANIZADO, COM ROSCA BSP, COM ASSENTO PLANO, DE 1/2""",UN,1,28.56,25.94,0.908,"Unión galvanizada BSP asiento plano 1/2"".",MAPEAR,0,0,MATERIAL,Plomería
br_union_universal_galvanizada_o_2_pza,União universal galvanizada Ø 2″,Pza,SEGURO,9887,ICD,"UNIAO DE FERRO GALVANIZADO, COM ROSCA BSP, COM ASSENTO PLANO, DE 2""",UN,1,123,108.82,0.885,"Unión galvanizada 2"".",MAPEAR,0,0,MATERIAL,Plomería
br_union_universal_galvanizada_o_3_4_16_mm_pza,União universal galvanizada Ø 3/4″ (16 mm),Pza,SEGURO,9885,ICD,"UNIAO DE FERRO GALVANIZADO, COM ROSCA BSP, COM ASSENTO PLANO, DE 3/4""",UN,1,33.58,34.36,1.023,"Unión galvanizada 3/4"".",MAPEAR,0,0,MATERIAL,Plomería
br_union_universal_galvanizado_1_pza,União Universal Galvanizada 1″,Pza,SEGURO,9886,ICD,"UNIAO DE FERRO GALVANIZADO, COM ROSCA BSP, COM ASSENTO PLANO, DE 1""",UN,1,32.64,35.54,1.089,"Unión de hierro galvanizado BSP asiento plano 1"".",MAPEAR,5,5,MATERIAL,Plomería
br_union_universal_galvanizado_3_4_pza,União Universal Galvanizada 3/4″,Pza,SEGURO,9885,ICD,"UNIAO DE FERRO GALVANIZADO, COM ROSCA BSP, COM ASSENTO PLANO, DE 3/4""",UN,1,27.31,34.36,1.258,"Unión galvanizada 3/4"".",MAPEAR,2,2,MATERIAL,Plomería
br_alambre_tejido_m2,Tela de Arame,m2,DUDOSO,10928,ICD,"TELA DE ARAME GALVANIZADA QUADRANGULAR / LOSANGULAR, FIO 2,11 MM (14 BWG), MALHA 8 X 8 CM, H = 2 M",M2,1,3.08,15.54,5.045,Tela de alambre sin especificar; candidatos 14 BWG malla 8×8 (10928) o 5×5 (7167).,SUSTITUIR,2,2,MATERIAL,Acero y Metal
br_alambre_tejido_malla_m2,Tela de arame (alambrado),m2,DUDOSO,10928,ICD,"TELA DE ARAME GALVANIZADA QUADRANGULAR / LOSANGULAR, FIO 2,11 MM (14 BWG), MALHA 8 X 8 CM, H = 2 M",M2,1,3.95,15.54,3.934,Alambrado sin especificar; 14 BWG 8×8 (10928).,SUSTITUIR,0,0,MATERIAL,Acero y Metal
br_alambre_tejido_rollo_50_m_0_80_m_de_alto_rollo,"Tela de arame, rolo 50 m × 0.80 m de altura",Rollo,DUDOSO,10928,ICD,"TELA DE ARAME GALVANIZADA QUADRANGULAR / LOSANGULAR, FIO 2,11 MM (14 BWG), MALHA 8 X 8 CM, H = 2 M",M2,40,117,621.6,5.313,"Rollo 50 × 0,80 m = 40 m²; hilo/malla no dichos y el SINAPI es de h = 2 m.",SUSTITUIR,0,0,MATERIAL,Acero y Metal
br_angular_de_acero_1_8_2_barra,Cantoneira de aço 1/8″ × 2″,Barra,DUDOSO,4777,ICD,"CANTONEIRA ACO ABAS IGUAIS (QUALQUER BITOLA), ESPESSURA ENTRE 1/8"" E 1/4""",KG,14.72,116,118.0544,1.018,"No hay 50,8 × 3,17 por metro; kg genérico (1/8"" a 1/4""): 2,45 kg/m calculado × 6 m.",SUSTITUIR,0,0,MATERIAL,Acero y Metal
br_angular_de_acero_1_8_3_4_barra,Cantoneira de aço 1/8″ × 3/4″,Barra,DUDOSO,4777,ICD,"CANTONEIRA ACO ABAS IGUAIS (QUALQUER BITOLA), ESPESSURA ENTRE 1/8"" E 1/4""",KG,5.222,40.18,41.8804,1.042,"No hay 19 × 3,17 por metro; kg genérico: 0,87 kg/m calculado × 6 m.",SUSTITUIR,0,0,MATERIAL,Acero y Metal
br_angular_de_acero_3_16_2_barra,Cantoneira de aço 3/16″ × 2″,Barra,DUDOSO,4777,ICD,"CANTONEIRA ACO ABAS IGUAIS (QUALQUER BITOLA), ESPESSURA ENTRE 1/8"" E 1/4""",KG,21.72,182,174.1944,0.957,"No hay 50,8 × 4,76 por metro; kg genérico: 3,62 kg/m calculado × 6 m.",SUSTITUIR,0,0,MATERIAL,Acero y Metal
br_cantoneras_2l_4_x4_x3_8_m,Cantoneiras 2L (4″X4″X3/8″),m,DUDOSO,4777,ICD,"CANTONEIRA ACO ABAS IGUAIS (QUALQUER BITOLA), ESPESSURA ENTRE 1/8"" E 1/4""",KG,28.96,304,232.2592,0.764,"2 ángulos 4""×4""×3/8"" = 28,96 kg/m calculado; el kg SINAPI (4777) es para 1/8"" a 1/4"" de espesor.",SUSTITUIR,1,1,MATERIAL,Acero y Metal
br_cold_rolled_channel_pza,Canaleta Cold Rolled,Pza,DUDOSO,39427,ICD,"PERFIL CANALETA, FORMATO C, EM ACO ZINCADO, PARA ESTRUTURA FORRO DRYWALL, E = 0,5 MM, *46 X 18* (L X H), COMPRIMENTO 3 M",M,3,28.88,13.56,0.47,Canal de cielo raso: el SINAPI tiene «perfil canaleta C 46×18 drywall» por m; el largo de la pieza ArqOn no está dicho (se supuso 3 m).,SUSTITUIR,4,4,MATERIAL,Acero y Metal
br_jabalina_de_acero_5_8_banada_de_cobre_pza,"Haste de Aterramento de Aço 5/8"" Cobreada",Pza,DUDOSO,3379,ICD,"HASTE DE ATERRAMENTO EM ACO COM 3,00 M DE COMPRIMENTO E DN = 5/8"", REVESTIDA COM BAIXA CAMADA DE COBRE, SEM CONECTOR",UN,1,53.36,67.55,1.266,"Haste cobreada 5/8"": el SINAPI es de 3,00 m; ArqOn no dice el largo (en Bolivia suele ser 2,40 m). Factor supuesto: pieza = pieza (3 m en el SINAPI).",SUSTITUIR,0,0,MATERIAL,Acero y Metal
br_malla_alambre_7x7_cm_12_m2,Tela de Arame 7X7 Cm #12,m2,DUDOSO,10927,ICD,"TELA DE ARAME GALVANIZADA QUADRANGULAR / LOSANGULAR, FIO 2,77 MM (12 BWG), MALHA 8 X 8 CM, H = 2 M",M2,1,19.46,25.42,1.306,"Malla 7×7 #12: el SINAPI tiene 12 BWG 8×8 (10927) o 7,5×7,5 revestida PVC (10935).",SUSTITUIR,1,1,MATERIAL,Acero y Metal
br_malla_alambre_galvanizado_7x7_cm_12_m2,Tela de Arame Galvanizado 7X7 Cm #12,m2,DUDOSO,10927,ICD,"TELA DE ARAME GALVANIZADA QUADRANGULAR / LOSANGULAR, FIO 2,77 MM (12 BWG), MALHA 8 X 8 CM, H = 2 M",M2,1,23.23,25.42,1.094,"Idem, galvanizada: 12 BWG malla 8×8 (no 7×7).",SUSTITUIR,2,2,MATERIAL,Acero y Metal
br_perfil_costanera_100_50_mm_e_2_mm_barra,"Perfil terça Ue 100×50 mm, e = 2 mm",Barra,DUDOSO,43083,ICD,"PERFIL ""U"" ENRIJECIDO, EM CHAPA DOBRADA DE ACO LAMINADO, E = 3,75 MM, H = 200 MM, L = 75 MM (9,94 KG/M)",KG,22.04,184,190.8664,1.037,"Ue de chapa doblada: el SINAPI da el kg (Ue 200×75×3,75); 3,67 kg/m calculado (labio 17 mm supuesto) × 6 m.",SUSTITUIR,0,0,MATERIAL,Acero y Metal
br_perfil_costanera_50_30_mm_e_2_mm_barra,"Perfil terça Ue 50×30 mm, e = 2 mm",Barra,DUDOSO,43083,ICD,"PERFIL ""U"" ENRIJECIDO, EM CHAPA DOBRADA DE ACO LAMINADO, E = 3,75 MM, H = 200 MM, L = 75 MM (9,94 KG/M)",KG,12.25,105,106.085,1.01,"Ue por kg: 2,04 kg/m calculado (labio 10 mm) × 6 m.",SUSTITUIR,0,0,MATERIAL,Acero y Metal
br_perfil_costanera_60_40_mm_e_1_8_mm_barra,"Perfil terça Ue 60×40 mm, e = 1.8 mm",Barra,DUDOSO,43083,ICD,"PERFIL ""U"" ENRIJECIDO, EM CHAPA DOBRADA DE ACO LAMINADO, E = 3,75 MM, H = 200 MM, L = 75 MM (9,94 KG/M)",KG,14.41,129,124.7906,0.967,"Ue por kg: 2,40 kg/m calculado (labio 15 mm) × 6 m.",SUSTITUIR,0,0,MATERIAL,Acero y Metal
br_perfil_costanera_80_40_mm_e_2_mm_barra,"Perfil terça Ue 80×40 mm, e = 2 mm",Barra,DUDOSO,43083,ICD,"PERFIL ""U"" ENRIJECIDO, EM CHAPA DOBRADA DE ACO LAMINADO, E = 3,75 MM, H = 200 MM, L = 75 MM (9,94 KG/M)",KG,17.9,149,155.014,1.04,"Ue por kg: 2,98 kg/m calculado (labio 15 mm) × 6 m.",SUSTITUIR,0,0,MATERIAL,Acero y Metal
br_perfil_montante_de_0_70x2_40_m_m,Perfil Montante 0.70X2.40 M,m,DUDOSO,39423,ICD,"PERFIL MONTANTE, FORMATO C, EM ACO ZINCADO, PARA ESTRUTURA PAREDE DRYWALL, E = 0,5 MM, 90 X 3000 MM (L X C)",M,1,5.65,8.09,1.432,"Montante 0,70 mm sin ancho: 70 mm (39422) o 90 mm (39423).",SUSTITUIR,2,2,MATERIAL,Acero y Metal
br_perfil_solera_de_0_70x3_00_m_m,Perfil Guia 0.70X3.00 M,m,DUDOSO,39420,ICD,"PERFIL GUIA, FORMATO U, EM ACO ZINCADO, PARA ESTRUTURA PAREDE DRYWALL, E = 0,5 MM, 90 X 3000 MM (L X C)",M,1,8.16,6.78,0.831,"Guía 0,70 mm × 3 m sin ancho: 70 mm (39419) o 90 mm (39420); el SINAPI es de 0,5 mm.",SUSTITUIR,2,2,MATERIAL,Acero y Metal
br_perfil_u_100_50_mm_e_2_mm_barra,"Perfil U 100×50 mm, e = 2 mm",Barra,DUDOSO,40535,ICD,"PERFIL ""U"" SIMPLES, EM CHAPA DOBRADA DE ACO LAMINADO, E = 2,65 MM, H = 75 MM, L = 40 MM (3,04 KG/M)",KG,18.84,126,163.1544,1.295,"U simple de chapa doblada por kg (40535 es 75×40×2,65): 3,14 kg/m calculado × 6 m.",SUSTITUIR,0,0,MATERIAL,Acero y Metal
br_perfil_u_de_aluminio_m,Perfil U de Alumínio,m,DUDOSO,11552,ICD,"PERFIL EM ALUMINIO, FORMATO U, ABAS IGUAIS, LARGURA DE 12,70 MM (1/2 POL), ESPESSURA 1,58 MM (1/16 POL) E PESO LINEAR DE APROXIMADAMENTE 0,149 KG/M",M,1,8.79,7.5,0.853,"U de aluminio sin medida; el SINAPI por m sólo tiene 1/2"".",SUSTITUIR,2,2,MATERIAL,Acero y Metal
br_perno_3_8_x_4_con_arandela_pza,Parafuso 3/8″ x 4 com Arruela,Pza,DUDOSO,13294,ICD,"PARAFUSO DE ACO ZINCADO, SEXTAVADO, COM ROSCA SOBERBA, DIAMETRO 3/8"", COMPRIMENTO 80 MM",UN,1,2.2,1.32,0.6,"Parafuso sextavado 3/8"" × 80 mm rosca soberba (sin arandela); ArqOn: 3/8"" × 4"" con arandela. Factor supuesto: pieza = pieza.",SUSTITUIR,1,1,MATERIAL,Acero y Metal
br_plancha_de_acero_5_16_8mm_hoja,Chapa de Aço 5/16″ (8mm),Hoja,DUDOSO,1332,ICD,"CHAPA DE ACO GROSSA, ASTM A36, E = 3/8"" (9,53 MM) 74,69 KG/M2",KG,187,593,1660.56,2.8,"No hay 5/16"" en el SINAPI (sí 1/4"" y 3/8"") y el tamaño de la «hoja» no está dicho. Factor supuesto: hoja 1,22 × 2,44 m × 62,8 kg/m² (8 mm).",SUSTITUIR,1,1,MATERIAL,Acero y Metal
br_plancha_de_hierro_1_16_hoja,Chapa de Ferro 1/16″,Hoja,DUDOSO,1322,ICD,"CHAPA DE ACO FINA A QUENTE BITOLA MSG 16, E = 1,50 MM (12,00 KG/M2)",KG,35.72,320,339.6972,1.062,"1/16"" ≈ 1,59 mm ~ chapa fina MSG 16 (1,50 mm, 12 kg/m², kg); el tamaño de la «hoja» no está dicho. Factor supuesto: hoja 1,22 × 2,44 m × 12 kg/m².",SUSTITUIR,2,2,MATERIAL,Acero y Metal
br_plancha_metalica_10mm_m2,Chapa Metálica 10mm,m2,DUDOSO,1332,ICD,"CHAPA DE ACO GROSSA, ASTM A36, E = 3/8"" (9,53 MM) 74,69 KG/M2",KG,74.69,549,663.2472,1.208,"El SINAPI tiene 3/8"" (9,53 mm, 74,69 kg/m²), no 10 mm.",SUSTITUIR,1,1,MATERIAL,Acero y Metal
br_plancha_metalica_1_4_2x1_m_pza,Chapa Metálica 1/4″ 2X1 M,Pza,DUDOSO,1330,ICD,"CHAPA DE ACO GROSSA, ASTM A36, E = 1/4"" (6,35 MM) 49,79 KG/M2",KG,99.58,91.02,862.3628,9.474,"Chapa ASTM A36 1/4"" (49,79 kg/m²) × 2 m² = 99,58 kg. Factor exacto, pero el precio SINAPI sale ~9× el estimado: revisar qué es la pieza.",SUSTITUIR,1,1,MATERIAL,Acero y Metal
br_pletina_de_acero_1_8_1_1_2_3_37_mm_barra,Barra chata de aço 1/8″ × 1 1/2″ (3 × 37 mm),Barra,DUDOSO,546,ICD,"BARRA DE ACO CHATA, RETANGULAR (QUALQUER BITOLA)",KG,5.698,44.57,50.6552,1.137,"No hay 38,1 × 3,17 mm por metro; sólo «barra chata qualquer bitola» en kg: 0,950 kg/m (acero 7850 kg/m³, calculado, no del SINAPI) × 6 m.",SUSTITUIR,0,0,MATERIAL,Acero y Metal
br_pletina_de_acero_1_8_1_3_25_mm_barra,Barra chata de aço 1/8″ × 1″ (3 × 25 mm),Barra,DUDOSO,546,ICD,"BARRA DE ACO CHATA, RETANGULAR (QUALQUER BITOLA)",KG,3.798,30.76,33.7642,1.098,"No hay 25,4 × 3,17 mm por metro; kg genérico: 0,633 kg/m (calculado) × 6 m.",SUSTITUIR,0,0,MATERIAL,Acero y Metal
br_tornillo_con_aleta_autoavellante_pza,Parafuso Autoatarraxante com Aleta,Pza,DUDOSO,39443,ICD,"PARAFUSO DRY WALL, EM ACO ZINCADO, CABECA LENTILHA E PONTA BROCA (LB), LARGURA 4,2 MM, COMPRIMENTO 13 MM",UN,1,0.16,0.21,1.312,"Tornillo con aletas para perfil metálico: más cercano parafuso drywall lentilha ponta broca 4,2 × 13 mm; medida no dicha. Factor supuesto: pieza = pieza.",SUSTITUIR,2,2,MATERIAL,Acero y Metal
br_tornillo_hexagonal_pza,Parafuso Sextavado,Pza,DUDOSO,13294,ICD,"PARAFUSO DE ACO ZINCADO, SEXTAVADO, COM ROSCA SOBERBA, DIAMETRO 3/8"", COMPRIMENTO 80 MM",UN,1,0.31,1.32,4.258,"Tornillo hexagonal sin medida; candidatos 13294 (3/8""×80) o 44738 (M10×30). Factor supuesto: pieza = pieza.",SUSTITUIR,2,2,MATERIAL,Acero y Metal
br_tornillo_para_madera_pza,Parafuso para Madeira,Pza,DUDOSO,11057,ICD,"PARAFUSO ROSCA SOBERBA ZINCADO CABECA CHATA FENDA SIMPLES 4,8 X 40 MM (1.1/2"")",UN,1,0.5,0.15,0.3,"Tornillo para madera sin medida; candidatos rosca soberba 4,8×40 (11057) o 4,2×32 (4377). Factor supuesto: pieza = pieza.",SUSTITUIR,3,3,MATERIAL,Acero y Metal
br_colmafix_32_puente_de_adherencia_kg,"Colmafix 32, ponte de aderência",Kg,DUDOSO,156,ICD,"ADESIVO ESTRUTURAL A BASE DE RESINA EPOXI, BICOMPONENTE, FLUIDO",KG,1,335,51.36,0.153,Puente de adherencia epóxico (marca); genérico SINAPI «adesivo estrutural epóxi fluido».,SUSTITUIR,0,0,MATERIAL,Adhesivos
br_pegamento_para_alfombras_l,Cola para Carpetes,L,DUDOSO,4791,ICD,ADESIVO ACRILICO DE BASE AQUOSA / COLA DE CONTATO,KG,1,36.41,48.85,1.342,Adhesivo acrílico/cola de contacto (kg); ArqOn en L. Factor supuesto: densidad supuesta 1 kg/L.,SUSTITUIR,2,2,MATERIAL,Adhesivos
br_pegamento_para_cpvc_agua_caliente_1_4_l,Adesivo para CPVC (água quente),1/4 l,DUDOSO,21114,ICD,"ADESIVO PARA TUBOS CPVC, *75* G",UN,3.33,34.84,112.9869,3.243,"Adhesivo CPVC: el SINAPI es un envase de 75 g; ArqOn 1/4 L (sin densidad no hay factor exacto). Factor supuesto: 1/4 L ≈ 250 g ≈ 3,33 envases de 75 g.",SUSTITUIR,0,0,MATERIAL,Adhesivos
br_pegamento_para_cpvc_agua_caliente_1_l,Adesivo para CPVC (água quente),1 l,DUDOSO,21114,ICD,"ADESIVO PARA TUBOS CPVC, *75* G",UN,13.33,99.18,452.2869,4.56,"Idem, 1 L. Factor supuesto: 1 L ≈ 1000 g ≈ 13,3 envases de 75 g.",SUSTITUIR,0,0,MATERIAL,Adhesivos
br_pegamento_para_pvc_y_cpvc_1_l,Adesivo para PVC e CPVC,1 l,DUDOSO,122,ICD,"ADESIVO PLASTICO PARA PVC, FRASCO COM *850* GR",UN,1.176,63.4,77.8159,1.227,"Mismo criterio que br_pegamento_l (frasco 850 g ≈ 0,85 L, densidad supuesta 1); el producto es PVC+CPVC.",SUSTITUIR,0,0,MATERIAL,Adhesivos
br_pegamento_para_vinil_l,Cola para Piso Vinílico,L,DUDOSO,4791,ICD,ADESIVO ACRILICO DE BASE AQUOSA / COLA DE CONTATO,KG,1,29.5,48.85,1.656,Adhesivo acrílico base agua (kg); ArqOn en L. Factor supuesto: densidad supuesta 1 kg/L.,SUSTITUIR,1,1,MATERIAL,Adhesivos
br_sikadur_31_hmg_adhesivo_epoxico_de_anclaje_kg,"Sikadur 31 HMG, adesivo epóxi para ancoragem",Kg,DUDOSO,131,ICD,"ADESIVO ESTRUTURAL A BASE DE RESINA EPOXI, BICOMPONENTE, PASTOSO (TIXOTROPICO)",KG,1,266,43.92,0.165,Epóxico tixotrópico (marca) ↔ genérico «adesivo estrutural epóxi pastoso»; el precio de marca es ~6× el genérico.,SUSTITUIR,0,0,MATERIAL,Adhesivos
br_silicona_neutra_para_policarbonato_pza,Silicone neutro para policarbonato,Pza,DUDOSO,39961,ICD,SILICONE ACETICO USO GERAL INCOLOR 280 G,UN,1,37.66,21.96,0.583,El SINAPI sólo tiene silicona acética; la neutra es otro producto.,SUSTITUIR,0,0,MATERIAL,Adhesivos
br_arena_clasificada_m3,Areia Classificada,m3,DUDOSO,370,ICD,"AREIA MEDIA - POSTO JAZIDA/FORNECEDOR (RETIRADO NA JAZIDA, SEM TRANSPORTE)",M3,1,98.55,92.0,0.934,«Clasificada» sin granulometría: arena media (370) o gruesa (367).,SUSTITUIR,4,4,MATERIAL,Agregados
br_estiercol_de_ovino_kg,Esterco Ovino,Kg,DUDOSO,38125,ICD,"FERTILIZANTE ORGANICO COMPOSTO, CLASSE A",KG,1,109,1.88,0.017,"Fertilizante orgánico compuesto clase A (38125), kg: no es estiércol ovino.",SUSTITUIR,1,1,MATERIAL,Agregados
br_gravilla_1_2_t200_m3,Pedrisco 1/2″ T200,m3,DUDOSO,4720,ICD,"PEDRA BRITADA N. 0, OU PEDRISCO (4,8 A 9,5 MM) POSTO PEDREIRA/FORNECEDOR, SEM FRETE",M3,1,86.63,100.56,1.161,"1/2"" (12,7 mm) ↔ brita 0 / pedrisco 4,8-9,5 mm: granulometría distinta.",SUSTITUIR,1,1,MATERIAL,Agregados
br_kikuyo_m2,Grama Kikuyu,m2,DUDOSO,3324,ICD,"GRAMA BATATAIS EM PLACAS, SEM PLANTIO",M2,1,15.69,13.53,0.862,Otra especie: el SINAPI tiene grama batatais (3324) o esmeralda (3322) en placas.,SUSTITUIR,1,1,MATERIAL,Agregados
br_piedra_laja_sin_cortar_m2,Pedra laje sem corte,m2,DUDOSO,4712,ICD,"PEDRA QUARTZITO OU CALCARIO LAMINADO, CACO, TIPO CARIRI, ITACOLOMI, LAGOA SANTA, LUMINARIA, PIRENOPOLIS, SAO TOME OU OUTRAS SIMILARES DA REGIAO, E= *1,5 A *2,5 CM",M2,1,33.27,79.77,2.398,Laja sin cortar ↔ quartzito caco (el tipo de piedra puede diferir).,SUSTITUIR,0,0,MATERIAL,Agregados
br_piedra_pizarra_cortada_15x30_cm_m2,Pedra Ardósia Cortada 15X30 Cm,m2,DUDOSO,4704,ICD,"PEDRA ARDOSIA, CINZA, 20 X 40 CM, E= *1 CM",M2,1,52.1,40.61,0.779,"Ardósia: el SINAPI tiene 20×40, 30×30 y 40×40 (no 15×30).",SUSTITUIR,1,1,MATERIAL,Agregados
br_piedra_pizarra_cortada_20_20_cm_m2,Pedra ardósia cortada 20×20 cm,m2,DUDOSO,4704,ICD,"PEDRA ARDOSIA, CINZA, 20 X 40 CM, E= *1 CM",M2,1,59.01,40.61,0.688,No hay 20×20; candidatos 20×40 (4704) o 30×30 (10730).,SUSTITUIR,0,0,MATERIAL,Agregados
br_piedra_pizarra_cortada_y_pulida_m2,Pedra ardósia cortada e polida,m2,DUDOSO,10730,ICD,"PEDRA ARDOSIA, CINZA, 30 X 30, E= *1 CM",M2,1,99.18,43.51,0.439,Formato no dicho y el SINAPI no trae ardósia pulida.,SUSTITUIR,0,0,MATERIAL,Agregados
br_piedra_tarija_cortada_y_pulida_m2,Pedra São Tomé cortada e polida,m2,DUDOSO,4710,ICD,"PEDRA QUARTZITO OU CALCARIO LAMINADO, SERRADA, TIPO CARIRI, ITACOLOMI, LAGOA SANTA, LUMINARIA, PIRENOPOLIS, SAO TOME OU OUTRAS SIMILARES DA REGIAO, *20 X *40 CM, E= *1,5 A *2,5 CM",M2,1,117,255.82,2.186,"El SINAPI trae la São Tomé serrada, no pulida.",SUSTITUIR,0,0,MATERIAL,Agregados
br_piedra_tarija_m2,Pedra São Tomé,m2,DUDOSO,4712,ICD,"PEDRA QUARTZITO OU CALCARIO LAMINADO, CACO, TIPO CARIRI, ITACOLOMI, LAGOA SANTA, LUMINARIA, PIRENOPOLIS, SAO TOME OU OUTRAS SIMILARES DA REGIAO, E= *1,5 A *2,5 CM",M2,1,25.11,79.77,3.177,"Piedra laja irregular ↔ «pedra quartzito/calcário laminado, caco, tipo São Tomé».",SUSTITUIR,1,1,MATERIAL,Agregados
br_ripio_chancado_m3,Cascalho britado,m3,DUDOSO,4721,ICD,"PEDRA BRITADA N. 1 (9,5 A 19 MM) POSTO PEDREIRA/FORNECEDOR, SEM FRETE",M3,1,134,87.1,0.65,Grava triturada sin tamaño: brita 1 (4721) o brita 2 (4718).,SUSTITUIR,0,0,MATERIAL,Agregados
br_tepe_m2,Tepe,m2,DUDOSO,3324,ICD,"GRAMA BATATAIS EM PLACAS, SEM PLANTIO",M2,1,14.44,13.53,0.937,Tepe (grama en placas) sin especie: batatais (3324) o esmeralda (3322).,SUSTITUIR,1,1,MATERIAL,Agregados
br_calamina_ondulada_n_33_m2,Telha Ondulada de Aço Zincado N° 33,m2,DUDOSO,25007,ICD,"TELHA ONDULADA EM ACO ZINCADO, ALTURA DE 17 MM, ESPESSURA DE 0,50 MM, LARGURA UTIL DE APROXIMADAMENTE 985 MM, SEM PINTURA",M2,1,23.23,49.73,2.141,"Telha ondulada de acero zincado: el SINAPI es de 0,50 mm; N°33 es mucho más fina.",SUSTITUIR,1,1,MATERIAL,Cemento y Cal
br_calamina_plana_n_28_m2,Chapa Plana de Aço Zincado N° 28,m2,DUDOSO,11051,ICD,"CHAPA DE ACO GALVANIZADA BITOLA GSG 26, E = 0,50 MM (4,00 KG/M2)",KG,4,45.2,48.12,1.065,"Chapa galvanizada plana: N°28 (~0,4 mm) está entre GSG 26 (0,50 mm, 4,0 kg/m², 11051) y GSG 30 (0,35 mm, 2,8 kg/m²).",SUSTITUIR,3,3,MATERIAL,Cemento y Cal
br_callapos_de_3_m,Escora de Eucalipto Ø 3″,m,DUDOSO,2745,ICD,"PONTALETE ROLICO SEM TRATAMENTO, D = 8 A 11 CM, H = 3 M, EM EUCALIPTO OU EQUIVALENTE DA REGIAO - BRUTA (PARA ESCORAMENTO)",M,1,7.85,4.43,0.564,"Puntal de eucalipto Ø 3"" (7,6 cm) ↔ pontalete roliço D = 8 a 11 cm, m.",SUSTITUIR,1,1,MATERIAL,Cemento y Cal
br_cemento_cola_facil_porcelanato_kg,Argamassa Colante para Porcelanato,Kg,DUDOSO,37595,ICD,ARGAMASSA COLANTE TIPO AC III,KG,1,1.1,2.15,1.955,Argamassa colante para porcelanato: AC III (37595) o AC II (34353); ArqOn no dice la clase.,SUSTITUIR,1,1,MATERIAL,Cemento y Cal
br_cemento_portland_ip40_kg,Cimento Portland IP-40,Kg,DUDOSO,34753,ICD,CIMENTO PORTLAND POZOLANICO CP IV-32,KG,1,0.82,0.68,0.829,"No hay CP IV-40; candidatos CP IV-32 (34753) o CP III-40 (13284, alto horno).",SUSTITUIR,0,0,MATERIAL,Cemento y Cal
br_poste_de_hormigon_pretensado_m,Poste de Concreto Protendido,m,DUDOSO,4102,ICD,"MOURAO DE CONCRETO RETO, SECAO QUADRADA, *10 X 10* CM, H= 3,00 M",UN,0.3333,31.39,24.6375,0.785,"Poste de alambrado ↔ mourão de concreto recto 10×10 cm h = 3,00 m (4102, UN): 1 m = 1/3 de mourão.",SUSTITUIR,1,1,MATERIAL,Cemento y Cal
br_revoque_fino_facil_kg,Argamassa para Reboco Fino,Kg,DUDOSO,371,ICD,"ARGAMASSA INDUSTRIALIZADA MULTIUSO, PARA REVESTIMENTO INTERNO E EXTERNO E ASSENTAMENTO DE BLOCOS DIVERSOS",KG,1,8.47,0.76,0.09,Revoque fino premezclado ↔ «argamassa industrializada multiuso»; no es el mismo producto exacto.,SUSTITUIR,1,1,MATERIAL,Cemento y Cal
br_sika_ligante_adhesivo_para_morteros_5_kg,"Sika Ligante, adesivo para argamassas",5 kg,DUDOSO,7334,ICD,ADITIVO ADESIVO LIQUIDO PARA ARGAMASSAS DE REVESTIMENTOS CIMENTICIOS,L,5,196,74.4,0.38,Aditivo adhesivo líquido para morteros (L); ArqOn en kg (sin densidad). Factor supuesto: densidad supuesta 1 kg/L.,SUSTITUIR,0,0,MATERIAL,Cemento y Cal
br_sika_top_107_seal_mortero_impermeabilizante_25_kg,"Sika Top 107 Seal, argamassa impermeabilizante",25 kg,DUDOSO,135,ICD,"ARGAMASSA POLIMERICA IMPERMEABILIZANTE SEMIFLEXIVEL, BICOMPONENTE, A BASE DE CIMENTO E ADITIVOS",KG,25,524,79.5,0.152,"Mortero polimérico impermeabilizante bicomponente, kg × 25; es de marca y el genérico sale ~6× más barato.",SUSTITUIR,0,0,MATERIAL,Cemento y Cal
br_soldadura_para_calamina_kg,Solda para Telha,Kg,DUDOSO,13388,ICD,SOLDA EM BARRA DE ESTANHO-CHUMBO 50/50,KG,1,10.04,227.94,22.703,"Soldadura en barra estaño-plomo 50/50, kg; el precio SINAPI es ~20× el estimado (el estimado no es de estaño): revisar.",SUSTITUIR,2,2,MATERIAL,Cemento y Cal
br_zocalo_cedro_3_m,Rodapé de Cedro 3″,m,DUDOSO,6186,ICD,"RODAPE DE MADEIRA MACICA CUMARU/IPE CHAMPANHE OU EQUIVALENTE DA REGIAO, *1,5 X 7 CM",M,1,8.16,28.01,3.433,"Zócalo de madera maciza cumaru/ipê 1,5 × 7 cm (no cedro, 7 cm ≈ 3"").",SUSTITUIR,1,1,MATERIAL,Cemento y Cal
br_zocalo_granitico_de_25x10_cm_m,Rodapé de Granilite 25X10 Cm,m,DUDOSO,34680,ICD,"RODAPE PRE-MOLDADO DE GRANILITE, MARMORITE OU GRANITINA L = 10 CM",M,1,9.42,44.95,4.772,"Zócalo premoldeado de granilite L = 10 cm, m. El precio SINAPI es ~5× el estimado: revisar.",SUSTITUIR,1,1,MATERIAL,Cemento y Cal
br_calamina_galvanizada_m2,Telha Galvanizada,m2,DUDOSO,25007,ICD,"TELHA ONDULADA EM ACO ZINCADO, ALTURA DE 17 MM, ESPESSURA DE 0,50 MM, LARGURA UTIL DE APROXIMADAMENTE 985 MM, SEM PINTURA",M2,1,28.25,49.73,1.76,"Calamina sin calibre ↔ telha ondulada zincada 0,50 mm.",SUSTITUIR,2,2,MATERIAL,Cubiertas
br_calamina_ondulada_n_28_m2,Telha Ondulada de Aço Zincado N° 28,m2,DUDOSO,25007,ICD,"TELHA ONDULADA EM ACO ZINCADO, ALTURA DE 17 MM, ESPESSURA DE 0,50 MM, LARGURA UTIL DE APROXIMADAMENTE 985 MM, SEM PINTURA",M2,1,47.08,49.73,1.056,"N°28 ~0,4 mm ↔ telha ondulada zincada 0,50 mm.",SUSTITUIR,3,3,MATERIAL,Cubiertas
br_calamina_trapezoidal_n_28_pre_pintada_m2,Telha Trapezoidal de Aço Zincado N° 28 PRÉ-Pintada,m2,DUDOSO,7243,ICD,"TELHA TRAPEZOIDAL EM ACO ZINCADO, SEM PINTURA, ALTURA DE APROXIMADAMENTE 40 MM, ESPESSURA DE 0,50 MM E LARGURA UTIL DE 980 MM",M2,1,47.08,51.97,1.104,"Trapezoidal zincada 0,50 mm SIN pintura; ArqOn prepintada N°28.",SUSTITUIR,0,0,MATERIAL,Cubiertas
br_caseton_de_tecnopor_40_40_15_cm_pza,Bloco de EPS (isopor) para laje nervurada 40×40×15 cm,Pza,DUDOSO,39995,ICD,"POLIESTIRENO EXPANDIDO/EPS (ISOPOR), TIPO 2F, BLOCO",M3,0.024,8.79,14.0846,1.602,"EPS 2F en bloque, m³ × 0,024 m³.",SUSTITUIR,0,0,MATERIAL,Cubiertas
br_caseton_de_tecnopor_50_50_12_cm_pza,Bloco de EPS (isopor) para laje nervurada 50×50×12 cm,Pza,DUDOSO,39995,ICD,"POLIESTIRENO EXPANDIDO/EPS (ISOPOR), TIPO 2F, BLOCO",M3,0.03,9.73,17.6058,1.809,"EPS 2F en bloque, m³ × 0,030 m³.",SUSTITUIR,0,0,MATERIAL,Cubiertas
br_caseton_de_tecnopor_50_50_15_cm_pza,Bloco de EPS (isopor) para laje nervurada 50×50×15 cm,Pza,DUDOSO,39995,ICD,"POLIESTIRENO EXPANDIDO/EPS (ISOPOR), TIPO 2F, BLOCO",M3,0.0375,11.61,22.0072,1.896,"EPS 2F en bloque, m³ × 0,0375 m³.",SUSTITUIR,0,0,MATERIAL,Cubiertas
br_caseton_de_tecnopor_50_50_20_cm_pza,Bloco de EPS (isopor) para laje nervurada 50×50×20 cm,Pza,DUDOSO,39995,ICD,"POLIESTIRENO EXPANDIDO/EPS (ISOPOR), TIPO 2F, BLOCO",M3,0.05,15.38,29.343,1.908,"EPS 2F en bloque, m³ × 0,050 m³.",SUSTITUIR,0,0,MATERIAL,Cubiertas
br_complemento_plastoform_en_tira_100_40_12_cm_pza,Complemento de EPS (isopor) em tira 100×40×12 cm,Pza,DUDOSO,39995,ICD,"POLIESTIRENO EXPANDIDO/EPS (ISOPOR), TIPO 2F, BLOCO",M3,0.048,14.75,28.1693,1.91,"EPS 2F en bloque, m³ × 0,048 m³.",SUSTITUIR,0,0,MATERIAL,Cubiertas
br_complemento_plastoform_en_tira_100_40_15_cm_pza,Complemento de EPS (isopor) em tira 100×40×15 cm,Pza,DUDOSO,39995,ICD,"POLIESTIRENO EXPANDIDO/EPS (ISOPOR), TIPO 2F, BLOCO",M3,0.06,17.26,35.2116,2.04,"EPS 2F en bloque, m³ × 0,060 m³.",SUSTITUIR,0,0,MATERIAL,Cubiertas
br_complemento_plastoform_en_tira_100_40_20_cm_pza,Complemento de EPS (isopor) em tira 100×40×20 cm,Pza,DUDOSO,39995,ICD,"POLIESTIRENO EXPANDIDO/EPS (ISOPOR), TIPO 2F, BLOCO",M3,0.08,21.97,46.9488,2.137,"EPS 2F en bloque, m³ × 0,080 m³.",SUSTITUIR,0,0,MATERIAL,Cubiertas
br_costanera_100x50x13_3_mm_m,Terça Perfil Ue 100X50X13 3 Mm,m,DUDOSO,43083,ICD,"PERFIL ""U"" ENRIJECIDO, EM CHAPA DOBRADA DE ACO LAMINADO, E = 3,75 MM, H = 200 MM, L = 75 MM (9,94 KG/M)",KG,5.32,42.06,46.0712,1.095,"Ue por kg: 100×50×13×3 = 5,32 kg/m calculado.",SUSTITUIR,2,2,MATERIAL,Cubiertas
br_cubierta_de_platoform_e_50_mm_m,Telha Sanduíche com EPS E=50 Mm,m,DUDOSO,39521,ICD,"TELHA TERMOISOLANTE REVESTIDA EM ACO GALVANIZADO, FACE SUPERIOR EM TELHA TRAPEZOIDAL E FACE INFERIOR EM CHAPA PLANA (SEM ACESSORIOS DE FIXACAO), REVESTIMENTO COM ESPESSURA DE 0,50 MM COM PRE-PINTURA NAS DUAS FACES, NUCLEO EM POLIESTIRENO (EPS) DE 50 MM",M2,1,190,164.87,0.868,Sándwich EPS 50 mm está en m² en el SINAPI; ArqOn por metro (ancho útil ~1 m supuesto).,SUSTITUIR,1,1,MATERIAL,Cubiertas
br_cubierta_de_poliuretano_e_50_mm_m2,Telha Sanduíche com Poliuretano E=50 Mm,m2,DUDOSO,43071,ICD,"TELHA TERMOISOLANTE REVESTIDA EM ACO GALVALUME, FACE SUPERIOR TRAPEZOIDAL E FACE INFERIOR PLANA (NAO INCLUI ACESSORIOS DE FIXACAO), REVEST COM ESPESSURA DE 0,50 MM, COM PRE-PINTURA DE COR BRANCA NAS DUAS FACES, NUCLEO EM POLIISOCIANURATO (PIR) COM ESPESSURA DE 50 MM",M2,1,250,195.69,0.783,"El SINAPI de 50 mm es de núcleo PIR, no PU.",SUSTITUIR,1,1,MATERIAL,Cubiertas
br_lana_de_vidrio_espesor_25_mm_m2,"Lã de vidro, espessura 25 mm",m2,DUDOSO,3412,ICD,"PAINEL DE LA DE VIDRO SEM REVESTIMENTO PSI 20, E = 25 MM, DE 1200 X 600 MM",M2,1,16.95,27.18,1.604,Panel de lana de vidrio 25 mm: PSI 20 (3412) o PSI 40 (39744); ArqOn no dice la densidad.,SUSTITUIR,0,0,MATERIAL,Cubiertas
br_placa_ondulada_duralit_m2,Telha Ondulada de Fibrocimento,m2,DUDOSO,7194,ICD,"TELHA DE FIBROCIMENTO ONDULADA E = 6 MM, DE 2,44 X 1,10 M (SEM AMIANTO)",M2,1,38.92,26.54,0.682,"Fibrocemento ondulado sin espesor: 6 mm (7194) o 4 mm (7213), m².",SUSTITUIR,1,1,MATERIAL,Cubiertas
br_plancha_de_tecnopor_100_50_1_5_cm_pza,Placa de EPS (isopor) 100×50×1.5 cm,Pza,DUDOSO,39995,ICD,"POLIESTIRENO EXPANDIDO/EPS (ISOPOR), TIPO 2F, BLOCO",M3,0.0075,5.24,4.4014,0.84,"No hay placa de 15 mm; EPS 2F en bloque m³ × 0,0075.",SUSTITUIR,0,0,MATERIAL,Cubiertas
br_plancha_de_tecnopor_100_50_3_0_cm_pza,Placa de EPS (isopor) 100×50×3.0 cm,Pza,DUDOSO,39995,ICD,"POLIESTIRENO EXPANDIDO/EPS (ISOPOR), TIPO 2F, BLOCO",M3,0.015,10.04,8.8029,0.877,"No hay placa de 30 mm; EPS 2F en bloque m³ × 0,015.",SUSTITUIR,0,0,MATERIAL,Cubiertas
br_plastoform_100x40x16_p_vigueta_pza,Bloco de EPS (Isopor) 100X40X16 para Vigota,Pza,DUDOSO,39995,ICD,"POLIESTIRENO EXPANDIDO/EPS (ISOPOR), TIPO 2F, BLOCO",M3,0.064,17.58,37.559,2.136,"Bloque EPS para vigueta ↔ EPS tipo 2F en bloque, m³ × 0,064 m³ (el bloque moldeado no es el mismo producto).",SUSTITUIR,4,4,MATERIAL,Cubiertas
br_plastoformo_5mm_pza,Placa de EPS (Isopor) 5mm,Pza,DUDOSO,11615,ICD,"POLIESTIRENO EXPANDIDO/EPS (ISOPOR), TIPO 2F, PLACA, ISOLAMENTO TERMOACUSTICO, E = 10 MM, 1000 X 500 MM",M2,0.5,5.34,2.49,0.466,Placa EPS de 5 mm sin medida; el SINAPI empieza en 10 mm. Factor supuesto: placa 100×50 supuesta; el SINAPI es de 10 mm (el doble de espesor).,SUSTITUIR,1,1,MATERIAL,Cubiertas
br_cable_coaxial_para_tv_m,Cabo Coaxial para TV,m,DUDOSO,43833,ICD,CABO COAXIAL RG6 95% DE MALHA,M,1,3.58,2.25,0.628,Coaxial sin tipo: RG6 (43833) o RG59 (43835).,SUSTITUIR,1,1,MATERIAL,Eléctrico
br_cable_cu_para_telefono_2_x_22_m,Cabo de Cobre Telefônico 2 X 22,m,DUDOSO,11901,ICD,"CABO TELEFONICO CCI 50, 1 PAR, USO INTERNO, SEM BLINDAGEM",M,1,1.51,0.84,0.556,Idem cable telefónico (22 AWG ↔ CCI 50).,SUSTITUIR,1,1,MATERIAL,Eléctrico
br_cable_de_50_mm2_m,Cabo de 50 mm²,m,DUDOSO,39234,ICD,"CABO DE COBRE, FLEXIVEL, CLASSE 4 OU 5, ISOLACAO EM PVC/A, ANTICHAMA BWF-B, 1 CONDUTOR, 450/750 V, SECAO NOMINAL 50 MM2",M,1,79.09,56.24,0.711,"50 mm² sin tipo: flexible 750 V (39234), rígido (1007) o 0,6/1 kV (1018).",SUSTITUIR,0,0,MATERIAL,Eléctrico
br_cable_enchaquetado_3x2_5_mm_m,Cabo Multipolar 3x2.5 mm²,m,DUDOSO,39258,ICD,"CABO MULTIPOLAR DE COBRE, FLEXIVEL, CLASSE 4 OU 5, ISOLACAO EM HEPR, COBERTURA EM PVC-ST2, ANTICHAMA BWF-B, 0,6/1 KV, 3 CONDUTORES DE 2,5 MM2",M,1,9.42,10.32,1.096,"3 × 2,5 mm² sólo existe como multipolar 0,6/1 kV HEPR (39258); el ArqOn parece 750 V.",SUSTITUIR,1,1,MATERIAL,Eléctrico
br_cable_ud_para_telefono_2_x_22_m,Cabo UD Telefônico 2 X 22,m,DUDOSO,11901,ICD,"CABO TELEFONICO CCI 50, 1 PAR, USO INTERNO, SEM BLINDAGEM",M,1,1.38,0.84,0.609,"Cable telefónico 1 par CCI 50 (0,50 mm); ArqOn 22 AWG (0,64 mm).",SUSTITUIR,1,1,MATERIAL,Eléctrico
br_cable_utp_4_pares_unifilar_m,Cabo UTP 4 Pares Rígido,m,DUDOSO,43971,ICD,"CABO DE REDE, PAR TRANCADO U/UTP, 4 PARES, CATEGORIA 5E (CAT 5E), ISOLAMENTO PVC (CMX)",M,1,3.58,3.52,0.983,UTP 4 pares sin categoría: cat 5e (43971/43972) o cat 6 (43973).,SUSTITUIR,1,1,MATERIAL,Eléctrico
br_caja_interceptora_e_40_6_x30_cm_pza,Caixa Sifonada E-40 6″X30 Cm,Pza,DUDOSO,11714,ICD,"CAIXA SIFONADA, PVC, 150 X *185* X 75 MM, COM GRELHA QUADRADA, BRANCA",UN,1,53.36,80.05,1.5,"Caja sifonada PVC 150 mm (11714); la E-40 6"" × 30 cm boliviana no está.",SUSTITUIR,1,1,MATERIAL,Eléctrico
br_caja_protector_termico_pza,Caixa para Disjuntor Termomagnético,Pza,DUDOSO,39804,ICD,"QUADRO DE DISTRIBUICAO, EM PVC, DE EMBUTIR, COM BARRAMENTO TERRA / NEUTRO, PARA 6 DISJUNTORES NEMA OU 8 DISJUNTORES DIN",UN,1,53.36,79.95,1.498,Caja para térmico ↔ quadro PVC de embutir 6/8 disyuntores; alcance incierto.,SUSTITUIR,1,1,MATERIAL,Eléctrico
br_codo_para_conduit_5_8_pza,"CURVA para Eletroduto Ø 5/8""",Pza,DUDOSO,39271,ICD,"CURVA 90 GRAUS, CURTA, DE PVC RIGIDO ROSCAVEL, DE 1/2"", PARA ELETRODUTO",UN,1,0.63,1.77,2.81,"5/8"" boliviano ↔ 1/2"" brasileño (el mismo criterio que br_tubo_conduit_pvc_5_8_m), no es exacto.",SUSTITUIR,0,0,MATERIAL,Eléctrico
br_foco_led_14_w_pza,Lâmpada LED 14 W,Pza,DUDOSO,38194,ICD,"LAMPADA LED 10 W BIVOLT BRANCA, FORMATO TRADICIONAL (BASE E27)",UN,1,10.04,3.96,0.394,"El SINAPI tiene LED E27 de 6 y 10 W, no de 14 W.",SUSTITUIR,1,1,MATERIAL,Eléctrico
br_interruptor_simple_pza,Interruptor Simples,Pza,DUDOSO,38112,ICD,"INTERRUPTOR SIMPLES 10A, 250V (APENAS MODULO)",UN,1,9.42,6.85,0.727,Interruptor simple: sólo módulo (38112) o conjunto con placa (38062); ArqOn tiene aparte «Placa com Interruptor».,SUSTITUIR,1,1,MATERIAL,Eléctrico
br_lampara_tortuga_18w_pza,Arandela Tipo Tartaruga 18W,Pza,DUDOSO,38775,ICD,"LUMINARIA TIPO TARTARUGA PARA AREA EXTERNA EM ALUMINIO, COM GRADE, PARA 1 LAMPADA, BASE E27, POTENCIA MAXIMA 40/60 W (NAO INCLUI LAMPADA)",UN,1,35.78,62.03,1.734,Luminaria tortuga E27 sin lámpara; ArqOn 18 W (¿con lámpara?).,SUSTITUIR,1,1,MATERIAL,Eléctrico
br_luminaria_tipo_farola_led_80w_clase_ii_pza,Luminária Pública LED 80W Classe II,Pza,DUDOSO,42246,ICD,"LUMINARIA DE LED PARA ILUMINACAO PUBLICA, DE 68 W ATE 97 W, INVOLUCRO EM ALUMINIO OU ACO INOX",UN,1,2134,208.44,0.098,Luminaria LED de alumbrado público 68-97 W; el precio SINAPI es ~1/10 del estimado: revisar.,SUSTITUIR,1,1,MATERIAL,Eléctrico
br_plaqueta_tv_conector_spliter_pza,Placa com Tomada de TV e Splitter,Pza,DUDOSO,38084,ICD,"TOMADA PARA ANTENA DE TV, CABO COAXIAL DE 9 MM, CONJUNTO MONTADO PARA EMBUTIR 4"" X 2"" (PLACA + SUPORTE + MODULO)",UN,1,14.44,15.5,1.073,"Toma de TV conjunto 4""×2""; ArqOn incluye splitter.",SUSTITUIR,1,1,MATERIAL,Eléctrico
br_socket_pza,Soquete,Pza,DUDOSO,12295,ICD,"SOQUETE DE BAQUELITE BASE E27, PARA LAMPADAS",UN,1,3.77,3.14,0.833,Portalámpara E27 sin material: baquelita (12295) o porcelana (12296).,SUSTITUIR,2,2,MATERIAL,Eléctrico
br_tablero_medidor_8_espacios_pza,Quadro de Medição 8 Espaços,Pza,DUDOSO,39690,ICD,"CAIXA PARA MEDICAO COLETIVA TIPO M, PADRAO BIFASICO OU TRIFASICO, PARA ATE 8 MEDIDORES, SEM BARRAMENTO E COM PORTAS INFERIOR E SUPERIOR",UN,1,193,2756.94,14.285,Caja de medición colectiva para 8 medidores (39690): alcance mucho mayor; revisar.,SUSTITUIR,0,0,MATERIAL,Eléctrico
br_terminales_para_cable_utp_pza,Conectores para Cabo UTP,Pza,DUDOSO,39602,ICD,"CONECTOR MACHO RJ 45, CATEGORIA 5 E (CAT 5E) PARA CABOS",UN,1,1.26,1.95,1.548,Conector RJ45 macho sin categoría: cat 5e (39602) o cat 6 (39603).,SUSTITUIR,1,1,MATERIAL,Eléctrico
br_timbre_pulsador_con_campanilla_pza,Campainha com Botão,Pza,DUDOSO,38085,ICD,"CAMPAINHA CIGARRA 127 V / 220 V, CONJUNTO MONTADO PARA EMBUTIR 4"" X 2"" (PLACA + SUPORTE + MODULO)",UN,1,37.66,21.68,0.576,Timbre + pulsador: en el SINAPI son dos insumos (38085 cigarra + 38066 pulsador).,SUSTITUIR,1,1,MATERIAL,Eléctrico
br_transformador_trifasico_150_kva_10_5_kv_380_220v_pza,Transformador Trifásico 150 KVA 10.5 KV 380/220V,Pza,DUDOSO,7614,ICD,"TRANSFORMADOR TRIFASICO DE DISTRIBUICAO, POTENCIA DE 150 KVA, TENSAO NOMINAL DE 15 KV, TENSAO SECUNDARIA DE 220/127V, EM OLEO ISOLANTE TIPO MINERAL",UN,1,51788,24537.33,0.474,"150 kVA de 15 kV 220/127 V; el ArqOn es 10,5 kV 380/220 V.",SUSTITUIR,1,1,MATERIAL,Eléctrico
br_accesorios_galvanizado_1_2_pza,Conexões Galvanizadas Ø 1/2″,Pza,DUDOSO,3455,ICD,"COTOVELO 90 GRAUS DE FERRO GALVANIZADO, COM ROSCA BSP, DE 1/2""",UN,1,5.65,7.41,1.312,"«Conexiones» mezcladas (codo/tee/cupla): candidato codo 90° 1/2"" (3455).",SUSTITUIR,3,3,MATERIAL,Ferretería
br_accesorios_galvanizado_1_pza,Conexões Galvanizadas Ø 1″,Pza,DUDOSO,3472,ICD,"COTOVELO 90 GRAUS DE FERRO GALVANIZADO, COM ROSCA BSP, DE 1""",UN,1,12.55,16.64,1.326,"Idem 1"" (codo 3472).",SUSTITUIR,1,1,MATERIAL,Ferretería
br_accesorios_galvanizado_2_pza,Conexões Galvanizadas Ø 2″,Pza,DUDOSO,3471,ICD,"COTOVELO 90 GRAUS DE FERRO GALVANIZADO, COM ROSCA BSP, DE 2""",UN,1,28.25,53.31,1.887,"Idem 2"" (codo 3471).",SUSTITUIR,1,1,MATERIAL,Ferretería
br_accesorios_galvanizado_3_4_pza,Conexões Galvanizadas Ø 3/4″,Pza,DUDOSO,3456,ICD,"COTOVELO 90 GRAUS DE FERRO GALVANIZADO, COM ROSCA BSP, DE 3/4""",UN,1,8.16,11.08,1.358,"Idem 3/4"" (codo 3456).",SUSTITUIR,3,3,MATERIAL,Ferretería
br_bisagra_3_doble_pza,Dobradiça 3″ Dupla,Pza,DUDOSO,2433,ICD,"DOBRADICA EM ACO/FERRO, 3"" X 2 1/2"", E= 1,2 A 1,8 MM, SEM ANEL, CROMADO OU ZINCADO, TAMPA CHATA, COM PARAFUSOS",UN,1,5.65,9.85,1.743,"Bisagra 3"" × 2 1/2"" (2433); «doble» no está en el SINAPI.",SUSTITUIR,1,1,MATERIAL,Ferretería
br_bisagra_4_doble_pza,Dobradiça 4″ Dupla,Pza,DUDOSO,2432,ICD,"DOBRADICA EM ACO/FERRO, 3 1/2"" X 3"", E= 1,9 A 2 MM, COM ANEL, CROMADO OU ZINCADO, TAMPA BOLA, COM PARAFUSOS",UN,1,8.16,29.08,3.564,"El SINAPI no tiene 4"" (3"" y 3 1/2"").",SUSTITUIR,4,4,MATERIAL,Ferretería
br_bisagra_4_simple_pza,Dobradiça 4″ Simples,Pza,DUDOSO,2432,ICD,"DOBRADICA EM ACO/FERRO, 3 1/2"" X 3"", E= 1,9 A 2 MM, COM ANEL, CROMADO OU ZINCADO, TAMPA BOLA, COM PARAFUSOS",UN,1,6.59,29.08,4.413,Idem.,SUSTITUIR,2,2,MATERIAL,Ferretería
br_bisagra_de_metal_pza,Dobradiça de Metal,Pza,DUDOSO,2433,ICD,"DOBRADICA EM ACO/FERRO, 3"" X 2 1/2"", E= 1,2 A 1,8 MM, SEM ANEL, CROMADO OU ZINCADO, TAMPA CHATA, COM PARAFUSOS",UN,1,3.01,9.85,3.272,Bisagra sin medida.,SUSTITUIR,1,1,MATERIAL,Ferretería
br_brazo_hidraulico_p_puerta_pza,Mola Hidráulica para Porta,Pza,DUDOSO,43604,ICD,"MOLA HIDRAULICA AEREA, PARA PORTAS DE ATE 850 MM E PESO DE ATE 50 KG, COM CORPO EM ALUMINIO E BRACO EM ACO, SEM BRACO DE PARADA",UN,1,250,129.33,0.517,Mola hidráulica aérea: según puerta 850 mm (43604) / 950 (11560) / 1100 (11561).,SUSTITUIR,1,1,MATERIAL,Ferretería
br_cera_kg,Cera,Kg,DUDOSO,41967,ICD,CERA LIQUIDA INCOLOR MULTIPISO,L,1,13.18,28.67,2.175,Cera líquida multipiso en L; ArqOn cera en kg.,SUSTITUIR,2,2,MATERIAL,Ferretería
br_chapa_exterior_p_puerta_metalica_pza,Fechadura Externa para Porta Metálica,Pza,DUDOSO,11484,ICD,"FECHADURA DE SOBREPOR PARA PORTAO, EM ACO INOX COM ACABAMENTO CROMADO, CAIXA DE 100 MM, INCLUINDO CHAVE TIPO CILINDRO",UN,1,217,69.85,0.322,Cerradura de sobreponer para portón (11484).,SUSTITUIR,2,2,MATERIAL,Ferretería
br_chapa_exterior_pza,Fechadura Externa,Pza,DUDOSO,11480,ICD,"FECHADURA AUXILIAR DE SEGURANCA PARA PORTA EXTERNA, EM ACO INOX, BROCA DE 45 A 55 MM, LINGUETA COM 3 AVANCOS, INCLUINDO 2 CHAVES TIPO CILINDRO",CJ,1,229,148.89,0.65,"Cerradura exterior: el SINAPI tiene varias (11480 auxiliar de seguridad, etc.).",SUSTITUIR,2,2,MATERIAL,Ferretería
br_chapa_interior_embutida_pza,Fechadura Interna de Embutir,Pza,DUDOSO,38153,ICD,"FECHADURA ESPELHO PARA PORTA DE BANHEIRO, EM ACO INOX (MAQUINA, TESTA E CONTRA-TESTA) E EM ZAMAC (MACANETA, LINGUETA E TRINCOS) COM ACABAMENTO CROMADO, MAQUINA DE 40 MM, INCLUINDO CHAVE TIPO TRANQUETA",CJ,1,144,63.3,0.44,Cerradura de embutir interna: candidato conjunto para puerta de baño (38153).,SUSTITUIR,2,2,MATERIAL,Ferretería
br_chicotillo_pza,Engate Flexível,Pza,DUDOSO,6141,ICD,"ENGATE/RABICHO FLEXIVEL PLASTICO (PVC OU ABS) BRANCO 1/2"" X 30 CM",UN,1,23.23,6.34,0.273,"Flexible sin material/largo: PVC 1/2"" × 30 cm (6141) o inox (11683).",SUSTITUIR,6,6,MATERIAL,Ferretería
br_dinamita_pza,Dinamite,Pza,DUDOSO,37534,ICD,"EMULSAO EXPLOSIVA EM CARTUCHOS DE 1"" X 12"", DENSIDADE 1.15 G/CM3, INICIACAO ESPOLETA N. 8 / CORDEL",KG,0.1,3.01,3.02,1.003,"Explosivo en cartucho: el SINAPI vende por kg; peso de la pieza no dicho. Factor supuesto: cartucho de 0,1 kg supuesto.",SUSTITUIR,1,1,MATERIAL,Ferretería
br_disco_de_corte_pza,Disco de Corte,Pza,DUDOSO,44531,ICD,"DISCO DE CORTE DIAMANTADO SEGMENTADO DIAMETRO DE 180 MM PARA ESMERILHADEIRA 7""",UN,1,18.83,70.54,3.746,Disco de corte sin tipo: diamantado 180 mm (44531) o para metal 300 mm (44495).,SUSTITUIR,0,0,MATERIAL,Ferretería
br_flotador_automatico_pza,Boia Automática,Pza,DUDOSO,7588,ICD,"AUTOMATICO DE BOIA SUPERIOR / INFERIOR, *15* A / 250 V",UN,1,56.5,44.9,0.795,¿Automático de boya eléctrico (7588) o válvula de boya? Nombre ambiguo.,SUSTITUIR,1,1,MATERIAL,Ferretería
br_flotador_plastico_pza,Boia Plástica,Pza,DUDOSO,40329,ICD,"TORNEIRA PLASTICA DE BOIA CONVENCIONAL PARA CAIXA DE AGUA, AGUA FRIA, 3/4"", COM HASTE METALICA E COM TORNEIRA E BALAO PLASTICOS (PADRAO POPULAR)",UN,1,81.61,30.43,0.373,"Válvula de boya plástica 3/4"" (40329); diámetro no dicho.",SUSTITUIR,5,5,MATERIAL,Ferretería
br_gavion_colchoneta_4x2x0_3_m_m3,Gabião Tipo Colchão 4X2X0.3 M,m3,DUDOSO,34383,ICD,"GABIAO MANTA (COLCHAO) MALHA HEXAGONAL 6 X 8 CM (ZN/AL REVESTIDO COM POLIMERO), FIO 2 MM, DIMENSOES 4,0 X 2,0 X 0,3 M (C X L X A)",UN,0.41667,475,624.4967,1.315,"Colchón 4×2×0,3 m (2,4 m³) → 1/2,4 por m³; el SINAPI es revestido con polímero.",SUSTITUIR,1,1,MATERIAL,Ferretería
br_gavion_maccaferri_2x1x0_5_con_d_m,Gabião Maccaferri 2X1X0.5 com Diafragma,m,DUDOSO,11596,ICD,"GABIAO TIPO CAIXA, MALHA HEXAGONAL 8 X 10 CM (ZN/AL), FIO 2,7 MM, DIMENSOES 2,0 X 1,0 X 0,5 M (C X L X A)",UN,1,176,459.84,2.613,"Gavión caja 2×1×0,5 m (11596, ZN/AL fio 2,7) por unidad; ArqOn en «m».",SUSTITUIR,1,1,MATERIAL,Ferretería
br_jabon_liquido_l,Sabão Líquido,L,DUDOSO,44329,ICD,"DETERGENTE NEUTRO USO GERAL, CONCENTRADO",L,1,9.42,16.99,1.804,Detergente neutro concentrado (no es jabón líquido).,SUSTITUIR,1,1,MATERIAL,Ferretería
br_junta_de_dilatacion_m,Junta de Dilatação,m,DUDOSO,3678,ICD,"PERFIL ELASTOMERICO PRE-FORMADO EM EPMD, PARA JUNTA DE DILATACAO DE USO GERAL EM MEDIAS SOLICITACOES, 8 MM DE LARGURA, MOVIMENTACAO DE *5 A 11* MM",M,1,191,96.16,0.503,Junta sin especificar: perfil elastomérico EPDM (3678) o fugenband (3674).,SUSTITUIR,1,1,MATERIAL,Ferretería
br_malla_flex_construpanel_m,Tela de Fibra de Vidro para Painel de EPS,m,DUDOSO,36887,ICD,"TELA DE FIBRA DE VIDRO, ACABAMENTO ANTI-ALCALINO, MALHA 10 X 10 MM",M2,0.25,1.13,2.265,2.004,Tela de fibra de vidrio antialcalina (m²); ArqOn por metro sin ancho. Factor supuesto: tira de malla de 25 cm de ancho supuesta.,SUSTITUIR,4,4,MATERIAL,Ferretería
br_perno_1_1_2_autoperforante_pza,"Parafuso 1 1/2"" Autoperfurante",Pza,DUDOSO,44286,ICD,"PARAFUSO AUTO BROCANTE 12 X 7/8"" COM ARRUELA DE VEDACAO EPDM",UN,1,0.94,0.2,0.213,"Autobrocante 12 × 7/8"" (44286); ArqOn 1 1/2"".",SUSTITUIR,0,0,MATERIAL,Ferretería
br_perno_de_expansion_pza,Chumbador de Expansão,Pza,DUDOSO,44179,ICD,"CHUMBADOR TIPO BOLT FWA, PARABOLT PBA OU PARABOLT PBC, EM ACO ZINCADO, 3/8"" X 3.3/4""",UN,1,4.71,1.43,0.304,"Anclaje de expansión sin medida; parabolt 3/8"" × 3 3/4"" (44179).",SUSTITUIR,2,2,MATERIAL,Ferretería
br_picaporte_15_cm_pza,Ferrolho 15 Cm,Pza,DUDOSO,3120,ICD,"FERROLHO COM FECHO / TRINCO REDONDO, EM ACO GALVANIZADO / ZINCADO, DE SOBREPOR, COM COMPRIMENTO DE 6"" E ESPESSURA MINIMA DA CHAPA DE 1,50 MM",UN,1,10.04,12.13,1.208,"Pestillo 6"" (3120, redondo) o de porta-candado (3106).",SUSTITUIR,3,3,MATERIAL,Ferretería
br_placa_drywall_10_mm_1_2x2_4_m_pza,Placa de Drywall 10 Mm 1.2X2.4 M,Pza,DUDOSO,39413,ICD,"PLACA / CHAPA DE GESSO ACARTONADO, STANDARD (ST), COR BRANCA, E = 12,5 MM, 1200 X 2400 MM (L X C)",M2,2.88,76.58,59.0976,0.772,"No hay 10 mm (el SINAPI es 12,5 mm).",SUSTITUIR,1,1,MATERIAL,Ferretería
br_placas_cementicias_de_eter_board_8_mm_pza,Placa Cimentícia 8 Mm,Pza,DUDOSO,11062,ICD,"PLACA CIMENTICIA LISA E = 10 MM, DE 1,20 X *2,50* M (SEM AMIANTO)",M2,2.977,149,143.283,0.962,"Placa cementicia: el SINAPI tiene 6 y 10 mm (m²); tamaño de la pieza no dicho. Factor supuesto: placa 1,22 × 2,44 m supuesta; el SINAPI es de 10 mm.",SUSTITUIR,2,2,MATERIAL,Ferretería
br_placas_durlock_12_50_mm_pza,Placa de Gesso Acartonado (Drywall) 12.50 Mm,Pza,DUDOSO,39413,ICD,"PLACA / CHAPA DE GESSO ACARTONADO, STANDARD (ST), COR BRANCA, E = 12,5 MM, 1200 X 2400 MM (L X C)",M2,2.88,97.93,59.0976,0.603,"12,5 mm estándar; el tamaño de la placa no está dicho (se supuso 1,2 × 2,4 m).",SUSTITUIR,2,2,MATERIAL,Ferretería
br_tacos_de_plastico_pza,Buchas Plásticas,Pza,DUDOSO,4376,ICD,BUCHA DE NYLON SEM ABA S8,UN,1,0.38,0.09,0.237,Taco de nylon sin medida: S8 (4376) o S6 (4375).,SUSTITUIR,3,3,MATERIAL,Ferretería
br_tirafondos_de_4_1_2x1_4_pza,Parafuso Tirefond de 4 1/2X1/4″,Pza,DUDOSO,13294,ICD,"PARAFUSO DE ACO ZINCADO, SEXTAVADO, COM ROSCA SOBERBA, DIAMETRO 3/8"", COMPRIMENTO 80 MM",UN,1,1.82,1.32,0.725,"Tirafondo = parafuso sextavado rosca soberba; el SINAPI es 3/8"" × 80 mm, no 1/4"".",SUSTITUIR,5,5,MATERIAL,Ferretería
br_tirafondos_de_5_1_2x1_4_pza,Parafuso Tirefond de 5 1/2X1/4″,Pza,DUDOSO,13294,ICD,"PARAFUSO DE ACO ZINCADO, SEXTAVADO, COM ROSCA SOBERBA, DIAMETRO 3/8"", COMPRIMENTO 80 MM",UN,1,1.82,1.32,0.725,Idem.,SUSTITUIR,1,1,MATERIAL,Ferretería
br_tirafondos_pza,Parafusos Tirefond,Pza,DUDOSO,13294,ICD,"PARAFUSO DE ACO ZINCADO, SEXTAVADO, COM ROSCA SOBERBA, DIAMETRO 3/8"", COMPRIMENTO 80 MM",UN,1,1.26,1.32,1.048,"Idem, sin medida.",SUSTITUIR,1,1,MATERIAL,Ferretería
br_vidrio_catedral_blanco_3_mm_m2,Vidro Catedral Branco 3 Mm,m2,DUDOSO,10499,ICD,"VIDRO MARTELADO OU CANELADO, 4 MM - SEM COLOCACAO",M2,1,36.41,125.41,3.444,Vidrio impreso: el SINAPI tiene martelado/canelado 4 mm.,SUSTITUIR,1,1,MATERIAL,Ferretería
br_aditivo_acelerante_kg,Aditivo Acelerador de Pega,Kg,DUDOSO,124,ICD,"ADITIVO ACELERADOR DE PEGA E ENDURECIMENTO PARA ARGAMASSAS E CONCRETOS, LIQUIDO E ISENTO DE CLORETOS",L,0.833,20.72,14.111,0.681,"Acelerador de fraguado sin cloruros (L); ArqOn en kg. Factor supuesto: densidad supuesta 1,2 kg/L.",SUSTITUIR,5,5,MATERIAL,Impermeabilización
br_asfaltex_de_monopol_kg,Tinta Asfáltica Impermeabilizante,Kg,DUDOSO,7313,ICD,"TINTA ASFALTICA IMPERMEABILIZANTE DILUIDA EM SOLVENTE, PARA MATERIAIS CIMENTICIOS, METAL E MADEIRA",L,1,47.08,20.44,0.434,Pintura asfáltica (L); ArqOn en kg. Factor supuesto: densidad supuesta 1 kg/L.,SUSTITUIR,1,1,MATERIAL,Impermeabilización
br_igol_primer_kg,Igol Primer,Kg,DUDOSO,511,ICD,"PRIMER PARA MANTA ASFALTICA A BASE DE ASFALTO MODIFICADO DILUIDO EM SOLVENTE, APLICACAO A FRIO",L,1.11,53.36,20.535,0.385,"Imprimante asfáltico para manta (L); ArqOn en kg. Factor supuesto: densidad supuesta 0,9 kg/L.",SUSTITUIR,1,1,MATERIAL,Impermeabilización
br_impermeabilizante_asfaltico_kg,Impermeabilizante Asfáltico,Kg,DUDOSO,626,ICD,"MANTA LIQUIDA DE BASE ASFALTICA MODIFICADA COM A ADICAO DE ELASTOMEROS DILUIDOS EM SOLVENTE ORGANICO, APLICACAO A FRIO (MEMBRANA DE EMULSAO ASFALTICA PARA IMPERMEABILIZACAO FLEXIVEL)",KG,1,9.42,18.37,1.95,Manta líquida asfáltica (kg); el producto exacto no está dicho.,SUSTITUIR,1,1,MATERIAL,Impermeabilización
br_lamina_sika_con_aluminio_m2,Manta Asfáltica Sika com Alumínio,m2,DUDOSO,11621,ICD,"MANTA ASFALTICA ELASTOMERICA EM POLIESTER ALUMINIZADA 3 MM, TIPO III, CLASSE B (NBR 9952)",M2,1,60.89,57.59,0.946,Manta aluminizada 3 mm; espesor ArqOn no dicho.,SUSTITUIR,1,1,MATERIAL,Impermeabilización
br_membrana_asfaltica_aluminio_4_mm_m2,Manta Asfáltica com Alumínio 4 Mm,m2,DUDOSO,11621,ICD,"MANTA ASFALTICA ELASTOMERICA EM POLIESTER ALUMINIZADA 3 MM, TIPO III, CLASSE B (NBR 9952)",M2,1,57.12,57.59,1.008,"El SINAPI aluminizada es de 3 mm (la de 4 mm es acabado PP, 4015).",SUSTITUIR,0,0,MATERIAL,Impermeabilización
br_membrana_geotextil_aluminio_3_5_mm_m2,Manta Asfáltica Geotêxtil com Alumínio 3.5 Mm,m2,DUDOSO,11621,ICD,"MANTA ASFALTICA ELASTOMERICA EM POLIESTER ALUMINIZADA 3 MM, TIPO III, CLASSE B (NBR 9952)",M2,1,64.03,57.59,0.899,"Manta asfáltica aluminizada 3 mm (11621); ArqOn 3,5 mm con geotextil.",SUSTITUIR,1,1,MATERIAL,Impermeabilización
br_membrana_liquida_impermeabilizante_l,Membrana Líquida Impermeabilizante,L,DUDOSO,43147,ICD,MEMBRANA IMPERMEABILIZANTE ACRILICA MONOCOMPONENTE,KG,1.3,27.62,29.016,1.051,"Membrana acrílica (kg) o manta líquida asfáltica (626, kg); ArqOn en L. Factor supuesto: densidad supuesta 1,3 kg/L.",SUSTITUIR,1,1,MATERIAL,Impermeabilización
br_plastiment_bv_40_plastificante_22_kg,"Plastiment BV 40, plastificante",22 kg,DUDOSO,132,ICD,"ADITIVO PLASTIFICANTE RETARDADOR DE PEGA E REDUTOR DE AGUA PARA CONCRETO, LIQUIDO E ISENTO DE CLORETOS",L,19.13,325,136.2056,0.419,"Idem. Factor supuesto: densidad supuesta 1,15 kg/L.",SUSTITUIR,0,0,MATERIAL,Impermeabilización
br_plastiment_bv_40_plastificante_5_kg,"Plastiment BV 40, plastificante",5 kg,DUDOSO,132,ICD,"ADITIVO PLASTIFICANTE RETARDADOR DE PEGA E REDUTOR DE AGUA PARA CONCRETO, LIQUIDO E ISENTO DE CLORETOS",L,4.35,82.86,30.972,0.374,"Plastificante (L); ArqOn en kg. Factor supuesto: densidad supuesta 1,15 kg/L.",SUSTITUIR,0,0,MATERIAL,Impermeabilización
br_sika_1_impermeabilizante_de_masa_20_kg,"Sika 1, impermeabilizante de massa",20 kg,DUDOSO,123,ICD,"ADITIVO IMPERMEABILIZANTE DE PEGA NORMAL PARA ARGAMASSAS E CONCRETOS SEM ARMACAO, LIQUIDO E ISENTO DE CLORETOS",L,19.05,230,132.0165,0.574,"Idem en L; ArqOn 20 kg. Factor supuesto: densidad supuesta 1,05 kg/L.",SUSTITUIR,0,0,MATERIAL,Impermeabilización
br_sika_1_impermeabilizante_kg,Sika 1 Impermeabilizante,Kg,DUDOSO,123,ICD,"ADITIVO IMPERMEABILIZANTE DE PEGA NORMAL PARA ARGAMASSAS E CONCRETOS SEM ARMACAO, LIQUIDO E ISENTO DE CLORETOS",L,0.952,13.81,6.5974,0.478,"Impermeabilizante de masa (L); ArqOn en kg. Factor supuesto: densidad supuesta 1,05 kg/L.",SUSTITUIR,1,1,MATERIAL,Impermeabilización
br_sika_3_acelerador_controlable_de_fraguado_22_kg,"Sika 3, acelerador controlável de pega",22 kg,DUDOSO,124,ICD,"ADITIVO ACELERADOR DE PEGA E ENDURECIMENTO PARA ARGAMASSAS E CONCRETOS, LIQUIDO E ISENTO DE CLORETOS",L,18.33,326,310.5102,0.952,"Idem. Factor supuesto: densidad supuesta 1,2 kg/L.",SUSTITUIR,0,0,MATERIAL,Impermeabilización
br_sika_3_acelerador_controlable_de_fraguado_5_kg,"Sika 3, acelerador controlável de pega",5 kg,DUDOSO,124,ICD,"ADITIVO ACELERADOR DE PEGA E ENDURECIMENTO PARA ARGAMASSAS E CONCRETOS, LIQUIDO E ISENTO DE CLORETOS",L,4.17,97.3,70.6398,0.726,"Acelerador (L); ArqOn en kg. Factor supuesto: densidad supuesta 1,2 kg/L.",SUSTITUIR,0,0,MATERIAL,Impermeabilización
br_sika_acelerante_sin_cloruros_22_kg,Sika Acelerante isento de cloretos,22 kg,DUDOSO,124,ICD,"ADITIVO ACELERADOR DE PEGA E ENDURECIMENTO PARA ARGAMASSAS E CONCRETOS, LIQUIDO E ISENTO DE CLORETOS",L,18.33,554,310.5102,0.56,"Acelerador sin cloruros (L); ArqOn en kg. Factor supuesto: densidad supuesta 1,2 kg/L.",SUSTITUIR,0,0,MATERIAL,Impermeabilización
br_sika_aer_incorporador_de_aire_20_kg,"Sika AER, incorporador de ar",20 kg,DUDOSO,133,ICD,"ADITIVO LIQUIDO INCORPORADOR DE AR PARA CONCRETO E ARGAMASSA, LIQUIDO E ISENTO DE CLORETOS",L,20,847,137.4,0.162,Incorporador de aire (L); ArqOn en kg. Factor supuesto: densidad supuesta 1 kg/L.,SUSTITUIR,0,0,MATERIAL,Impermeabilización
br_sika_wt_100l_impermeabilizante_de_masa_20_kg,"Sika WT-100L, impermeabilizante de massa",20 kg,DUDOSO,45146,ICD,ADITIVO IMPERMEABILIZANTE CRISTALIZANTE PARA CONCRETO,KG,20,394,649.6,1.649,"Impermeabilizante cristalizante (kg ×20) o de masa (123, L).",SUSTITUIR,0,0,MATERIAL,Impermeabilización
br_sikadur_32_kg,Sikadur 32,Kg,DUDOSO,156,ICD,"ADESIVO ESTRUTURAL A BASE DE RESINA EPOXI, BICOMPONENTE, FLUIDO",KG,1,224,51.36,0.229,Puente de adherencia epóxico fluido (marca) ↔ genérico.,SUSTITUIR,1,1,MATERIAL,Impermeabilización
br_sikament_n_100_superplastificante_22_kg,"Sikament N-100, superplastificante",22 kg,DUDOSO,43618,ICD,"ADITIVO SUPERPLASTIFICANTE DE PEGA NORMAL PARA CONCRETO, LIQUIDO E ISENTO DE CLORETOS",KG,22,569,394.46,0.693,Idem × 22.,SUSTITUIR,0,0,MATERIAL,Impermeabilización
br_sikament_n_100_superplastificante_5_kg,"Sikament N-100, superplastificante",5 kg,DUDOSO,43618,ICD,"ADITIVO SUPERPLASTIFICANTE DE PEGA NORMAL PARA CONCRETO, LIQUIDO E ISENTO DE CLORETOS",KG,5,138,89.65,0.65,Superplastificante genérico kg × 5.,SUSTITUIR,0,0,MATERIAL,Impermeabilización
br_sikaviscocrete_5000_superplastificante_20_kg,"SikaViscocrete 5000, superplastificante",20 kg,DUDOSO,43618,ICD,"ADITIVO SUPERPLASTIFICANTE DE PEGA NORMAL PARA CONCRETO, LIQUIDO E ISENTO DE CLORETOS",KG,20,992,358.6,0.361,Idem.,SUSTITUIR,0,0,MATERIAL,Impermeabilización
br_sikaviscocrete_5_800_superplastificante_20_kg,"SikaViscocrete 5-800, superplastificante",20 kg,DUDOSO,43618,ICD,"ADITIVO SUPERPLASTIFICANTE DE PEGA NORMAL PARA CONCRETO, LIQUIDO E ISENTO DE CLORETOS",KG,20,1036,358.6,0.346,"Superplastificante genérico, kg × 20; la marca (policarboxilato) puede diferir.",SUSTITUIR,0,0,MATERIAL,Impermeabilización
br_azulejo_decorado_22_34_cm_m2,Azulejo decorado 22×34 cm,m2,DUDOSO,536,ICD,"REVESTIMENTO PARA PAREDE, EM CERAMICA ESMALTADA, FORMATO MENOR OU IGUAL A 2025 CM2",M2,1,38.92,27.55,0.708,Idem.,SUSTITUIR,0,0,MATERIAL,Ladrillos y Cerámicos
br_azulejo_decorado_bras_20x30cm_m2,Azulejo Decorado BRAS. 20x30cm,m2,DUDOSO,536,ICD,"REVESTIMENTO PARA PAREDE, EM CERAMICA ESMALTADA, FORMATO MENOR OU IGUAL A 2025 CM2",M2,1,47.71,27.55,0.577,Azulejo decorado ↔ revestimiento cerámico esmaltado ≤ 2025 cm² (liso); el decorado es más caro.,SUSTITUIR,0,0,MATERIAL,Ladrillos y Cerámicos
br_azulejo_decorado_brasileno_20_20_cm_m2,Azulejo decorado brasileiro 20×20 cm,m2,DUDOSO,536,ICD,"REVESTIMENTO PARA PAREDE, EM CERAMICA ESMALTADA, FORMATO MENOR OU IGUAL A 2025 CM2",M2,1,53.36,27.55,0.516,Idem.,SUSTITUIR,0,0,MATERIAL,Ladrillos y Cerámicos
br_binda_porcelanato_adhesivo_para_porcelanato_20_kg,Argamassa colante para porcelanato,20 kg,DUDOSO,37595,ICD,ARGAMASSA COLANTE TIPO AC III,KG,20,49.9,43.0,0.862,"Para porcelanato: AC III (37595) o AC II (34353), × 20 kg.",SUSTITUIR,0,0,MATERIAL,Ladrillos y Cerámicos
br_bloque_de_hormigon_3h_e_15_cm_pza,Bloco de Concreto 3 Furos E=15 Cm,Pza,DUDOSO,651,ICD,BLOCO DE VEDACAO DE CONCRETO 14 X 19 X 39 CM (CLASSE C - NBR 6136),UN,1,4.71,4.16,0.883,Bloque de vedación de concreto 14×19×39 (651); el boliviano es 15×20×40 de 3 huecos.,SUSTITUIR,1,1,MATERIAL,Ladrillos y Cerámicos
br_ceramica_kaiser_mutun_24_24_cm_m2,Revestimento cerâmico rústico 24×24 cm,m2,DUDOSO,536,ICD,"REVESTIMENTO PARA PAREDE, EM CERAMICA ESMALTADA, FORMATO MENOR OU IGUAL A 2025 CM2",M2,1,46.77,27.55,0.589,Cerámica rústica (¿esmaltada?) ↔ revestimiento esmaltado.,SUSTITUIR,0,0,MATERIAL,Ladrillos y Cerámicos
br_ceramica_kaiser_rojo_natural_24_11_5_cm_m2,Revestimento cerâmico vermelho natural 24×11.5 cm,m2,DUDOSO,34401,ICD,"TIJOLO CERAMICO LAMINADO DE *5,5 X 11 X 23* CM (L X A X C), COM 21 FUROS",UN,36,45.82,61.92,1.351,"Rojo natural = cerámica extruida sin esmaltar; candidato tijolo laminado 5,5×11×23 (34401, UN): faltan piezas por m². Factor supuesto: 36 piezas por m² supuestas.",SUSTITUIR,0,0,MATERIAL,Ladrillos y Cerámicos
br_ceramica_kaiser_rojo_natural_24_24_cm_m2,Revestimento cerâmico vermelho natural 24×24 cm,m2,DUDOSO,536,ICD,"REVESTIMENTO PARA PAREDE, EM CERAMICA ESMALTADA, FORMATO MENOR OU IGUAL A 2025 CM2",M2,1,56.81,27.55,0.485,Rojo natural sin esmaltar ↔ esmaltado: producto distinto.,SUSTITUIR,0,0,MATERIAL,Ladrillos y Cerámicos
br_enchape_de_ladrillo_nacional_m2,Revestimento em tijolo aparente nacional,m2,DUDOSO,34401,ICD,"TIJOLO CERAMICO LAMINADO DE *5,5 X 11 X 23* CM (L X A X C), COM 21 FUROS",UN,36,22.91,61.92,2.703,Enchape de ladrillo ↔ tijolo laminado 21 furos (UN); faltan piezas por m². Factor supuesto: 36 piezas por m² supuestas.,SUSTITUIR,0,0,MATERIAL,Ladrillos y Cerámicos
br_ladrillo_3h_24x15x8_cm_pza,Bloco Cerâmico 3 Furos 24x15x8 Cm,Pza,DUDOSO,44458,ICD,"BLOCO CERAMICO / TIJOLO VAZADO PARA ALVENARIA DE VEDACAO, 6 FUROS NA HORIZONTAL DE 9 X 14 X 24 CM (L X A X C)",UN,1,0.56,0.84,1.5,No hay 24×15×8 de 3 huecos; el más cercano es 9×14×24 de 6 huecos.,SUSTITUIR,0,0,MATERIAL,Ladrillos y Cerámicos
br_ladrillo_6h_24x15x11_pza,Bloco Cerâmico 6 Furos 24x15x11,Pza,DUDOSO,44459,ICD,"BLOCO CERAMICO / TIJOLO VAZADO PARA ALVENARIA DE VEDACAO, 9 FUROS NA HORIZONTAL DE 11,5 X 14 X 24 CM (L X A X C)",UN,1,1.38,0.88,0.638,"11,5×14×24 de 9 huecos (44459); el ArqOn es de 6 huecos.",SUSTITUIR,0,0,MATERIAL,Ladrillos y Cerámicos
br_ladrillo_6h_24x15x9_8_cm_rayado_pza,Bloco Cerâmico 6 Furos 24X15X9.8 Cm (Ranhurado),Pza,DUDOSO,44458,ICD,"BLOCO CERAMICO / TIJOLO VAZADO PARA ALVENARIA DE VEDACAO, 6 FUROS NA HORIZONTAL DE 9 X 14 X 24 CM (L X A X C)",UN,1,0.7,0.84,1.2,"6 huecos 9×14×24 (44458) ↔ 9,8×15×24 ranurado: ~1 cm de diferencia.",SUSTITUIR,1,1,MATERIAL,Ladrillos y Cerámicos
br_ladrillo_gambote_pza,Tijolo Maciço,Pza,DUDOSO,7258,ICD,TIJOLO CERAMICO MACICO COMUM DE *5 X 10 X 20* CM (L X A X C),UN,1,0.63,0.6,0.952,Ladrillo macizo: común 5×10×20 (7258) o aparente 6×12×24 (7260).,SUSTITUIR,1,1,MATERIAL,Ladrillos y Cerámicos
br_loseta_hexagonal_10_cm_pza,Piso Intertravado Hexagonal 10 Cm,Pza,DUDOSO,679,ICD,"BLOQUETE/PISO INTERTRAVADO DE CONCRETO - MODELO SEXTAVADO / HEXAGONAL, *25 X 25* CM, E = 10 CM, RESISTENCIA DE 35 MPA, COR NATURAL",M2,0.05,7.72,7.3085,0.947,"Adoquín hexagonal 25×25 e = 10 cm por m² (679); 20 piezas/m² supuestas → 0,05 m² por pieza.",SUSTITUIR,1,1,MATERIAL,Ladrillos y Cerámicos
br_loseta_ondulada_10_cm_m2,Piso Intertravado Ondulado 10 Cm,m2,DUDOSO,40524,ICD,"BLOQUETE/PISO INTERTRAVADO DE CONCRETO - MODELO ONDA/16 FACES/RETANGULAR/TIJOLINHO/PAVER/HOLANDES/PARALELEPIPEDO, *20 X 10* CM, E = 10 CM, RESISTENCIA DE 35 MPA, COR NATURAL",M2,1,75.96,107.75,1.419,"Intertrabado «onda» 20×10 e = 10 cm, m²: dos resistencias (40524 / 40529).",SUSTITUIR,1,1,MATERIAL,Ladrillos y Cerámicos
br_pegaladrillo_facil_kg,Argamassa para Assentamento de Tijolos,Kg,DUDOSO,371,ICD,"ARGAMASSA INDUSTRIALIZADA MULTIUSO, PARA REVESTIMENTO INTERNO E EXTERNO E ASSENTAMENTO DE BLOCOS DIVERSOS",KG,1,2.45,0.76,0.31,Argamassa industrializada multiuso para asentar bloques; el precio SINAPI sale ~1/3 del estimado.,SUSTITUIR,1,1,MATERIAL,Ladrillos y Cerámicos
br_pegamento_para_ladrillo_valkure_kg_kg,Argamassa Colante para Tijolos,Kg,DUDOSO,371,ICD,"ARGAMASSA INDUSTRIALIZADA MULTIUSO, PARA REVESTIMENTO INTERNO E EXTERNO E ASSENTAMENTO DE BLOCOS DIVERSOS",KG,1,2.7,0.76,0.281,Pegamento de ladrillo ↔ argamassa industrializada multiuso.,SUSTITUIR,1,1,MATERIAL,Ladrillos y Cerámicos
br_pisopak_30x30cmx1_6_mm_m2,Piso Vinílico em Placas 30X30 Cm X 1.6 Mm,m2,DUDOSO,4790,ICD,"PLACA VINILICA SEMIFLEXIVEL PARA REVESTIMENTO DE PISOS E PAREDES, E = 2 MM (SEM COLOCACAO)",M2,1,30.13,101.8,3.379,"Placa vinílica semiflexible e = 2 mm (4790); ArqOn 30×30 × 1,6 mm (la de 30×30 del SINAPI es de 3,2 mm, 4792).",SUSTITUIR,1,1,MATERIAL,Ladrillos y Cerámicos
br_teja_espanola_ceramica_pza,Telha Espanhola Cerâmica,Pza,DUDOSO,7175,ICD,"TELHA DE BARRO / CERAMICA, NAO ESMALTADA, TIPO ROMANA, AMERICANA, PORTUGUESA, FRANCESA, COMPRIMENTO DE *41* CM, RENDIMENTO DE *16* TELHAS/M2",UN,1,3.14,4.01,1.277,"Teja cerámica: el SINAPI tiene colonial (7173, millar) o romana/francesa (7175); la española no está.",SUSTITUIR,1,1,MATERIAL,Ladrillos y Cerámicos
br_entablonado_madera_e_1_9_cm_m2,Assoalho de Madeira E=1.9 Cm,m2,DUDOSO,3287,ICD,"FORRO DE MADEIRA CUMARU/IPE CHAMPANHE OU EQUIVALENTE DA REGIAO, ENCAIXE MACHO/FEMEA COM FRISO, *10 X 1* CM (SEM COLOCACAO)",M2,1,148,159.0,1.074,"Tablado machihembrado cumaru/ipê 10×1 cm (3287, sin colocación); espesor 1 vs 1,9 cm.",SUSTITUIR,1,1,MATERIAL,Madera
br_machihembre_cedro_p2,Tábua Macho-Fêmea de Cedro,p2,DUDOSO,3287,ICD,"FORRO DE MADEIRA CUMARU/IPE CHAMPANHE OU EQUIVALENTE DA REGIAO, ENCAIXE MACHO/FEMEA COM FRISO, *10 X 1* CM (SEM COLOCACAO)",M2,0.0929,6.59,14.7711,2.241,"Machihembrado: el SINAPI (3287) es cumaru/ipê en m², no cedro en p2. Factor supuesto: tabla de 1"": 1 p2 = 0,0929 m².",SUSTITUIR,2,2,MATERIAL,Madera
br_machihembre_palo_maria_p2,Tábua Macho-Fêmea de Guanandi,p2,DUDOSO,3287,ICD,"FORRO DE MADEIRA CUMARU/IPE CHAMPANHE OU EQUIVALENTE DA REGIAO, ENCAIXE MACHO/FEMEA COM FRISO, *10 X 1* CM (SEM COLOCACAO)",M2,0.0929,10.04,14.7711,1.471,"Idem. Factor supuesto: tabla de 1"": 1 p2 = 0,0929 m².",SUSTITUIR,1,1,MATERIAL,Madera
br_madera_palo_maria_p2,Madeira Guanandi,p2,DUDOSO,4006,ICD,"MADEIRA SERRADA EM PINUS, MISTA OU EQUIVALENTE DA REGIAO - BRUTA",M3,0.00236,11.3,4.0556,0.359,"Madera aserrada: el SINAPI es pinus/mista; guanandi es madera dura. 1 p2 = 0,00236 m³.",SUSTITUIR,1,1,MATERIAL,Madera
br_marco_2_x_4_cedro_pza,Batente 2″ X 4″ de Cedro,Pza,DUDOSO,183,ICD,"BATENTE / PORTAL / ADUELA / MARCO EM MADEIRA MACICA COM REBAIXO, E = *3* CM, L = *14* CM, PARA PORTAS DE GIRO DE *60 CM A 120* CM X *210* CM, CEDRINHO / ANGELIM COMERCIAL / TAURI / CURUPIXA / PEROBA / CUMARU OU EQUIVALENTE DA REGIAO (NAO INCLUI ALIZARES)",JG,1,187,240.0,1.283,Marco de puerta: el SINAPI vende el juego (JG) de cedrinho 3×14 cm; la pieza ArqOn puede ser otra cosa.,SUSTITUIR,1,1,MATERIAL,Madera
br_marco_3_x_2_cedro_pza,Batente 3″ X 2″ de Cedro,Pza,DUDOSO,183,ICD,"BATENTE / PORTAL / ADUELA / MARCO EM MADEIRA MACICA COM REBAIXO, E = *3* CM, L = *14* CM, PARA PORTAS DE GIRO DE *60 CM A 120* CM X *210* CM, CEDRINHO / ANGELIM COMERCIAL / TAURI / CURUPIXA / PEROBA / CUMARU OU EQUIVALENTE DA REGIAO (NAO INCLUI ALIZARES)",JG,1,162,240.0,1.481,Idem.,SUSTITUIR,1,1,MATERIAL,Madera
br_marco_4_x_2_cedro_pza,Batente 4″ X 2″ de Cedro,Pza,DUDOSO,183,ICD,"BATENTE / PORTAL / ADUELA / MARCO EM MADEIRA MACICA COM REBAIXO, E = *3* CM, L = *14* CM, PARA PORTAS DE GIRO DE *60 CM A 120* CM X *210* CM, CEDRINHO / ANGELIM COMERCIAL / TAURI / CURUPIXA / PEROBA / CUMARU OU EQUIVALENTE DA REGIAO (NAO INCLUI ALIZARES)",JG,1,187,240.0,1.283,Idem.,SUSTITUIR,2,2,MATERIAL,Madera
br_parket_tajibo_m2,Parquete de Ipê,m2,DUDOSO,6214,ICD,"TACO DE MADEIRA PARA PISO, IPE (CERNE) OU EQUIVALENTE DA REGIAO, 7 X 42 CM, E = 2 CM",M2,1,40.8,292.64,7.173,"Taco de ipê 7×42 e = 2 cm, m²; el precio SINAPI es ~7× el estimado: revisar.",SUSTITUIR,1,1,MATERIAL,Madera
br_bentonita_ultragel_kg,Bentonita Ultragel,Kg,DUDOSO,43366,ICD,"BENTONITA, ARGILA CONSTITUIDA POR MONTMORILONITA",KG,1,3.01,1.73,0.575,Bentonita (43366); Ultragel es un producto aditivado.,SUSTITUIR,0,0,MATERIAL,Obras Civiles
br_caja_de_hormigon_30x30x30_pza,CAIXA de Concreto 30x30x30,Pza,DUDOSO,41627,ICD,"CAIXA DE CONCRETO ARMADO PRE-MOLDADO, COM FUNDO E TAMPA, DIMENSOES DE 0,30 X 0,30 X 0,30 M",UN,1,157,209.09,1.332,Caja de concreto premoldeado 30×30×30: con tapa (41627) o sin tapa (43434).,SUSTITUIR,0,0,MATERIAL,Obras Civiles
br_camara_de_inspeccion_ho_40x40x40_cm_pza,Caixa de Inspeção de Concreto 40x40x40 Cm,Pza,DUDOSO,41628,ICD,"CAIXA DE CONCRETO ARMADO PRE-MOLDADO, COM FUNDO E TAMPA, DIMENSOES DE 0,40 X 0,40 X 0,40 M",UN,1,176,384.28,2.183,Caja premoldeada 40×40×40 con tapa (41628) o sin tapa (43435).,SUSTITUIR,0,0,MATERIAL,Obras Civiles
br_costanera_80x40x15_2_mm_m,Terça Perfil Ue 80x40x15 2 Mm,m,DUDOSO,43083,ICD,"PERFIL ""U"" ENRIJECIDO, EM CHAPA DOBRADA DE ACO LAMINADO, E = 3,75 MM, H = 200 MM, L = 75 MM (9,94 KG/M)",KG,2.983,32.64,25.8328,0.791,"Ue por kg: 80×40×15×2 = 2,98 kg/m calculado.",SUSTITUIR,0,0,MATERIAL,Obras Civiles
br_gavion_2x1x0_5m_c_diafragma_pza,Gabião 2x1x0.5m C/DIAFRAGMA,Pza,DUDOSO,11596,ICD,"GABIAO TIPO CAIXA, MALHA HEXAGONAL 8 X 10 CM (ZN/AL), FIO 2,7 MM, DIMENSOES 2,0 X 1,0 X 0,5 M (C X L X A)",UN,1,179,459.84,2.569,"Gavión caja 2×1×0,5: ZN/AL fio 2,7 (11596) o con polímero (11592).",SUSTITUIR,0,0,MATERIAL,Obras Civiles
br_gavion_2x1x1m_c_diafragma_pza,Gabião 2x1x1m C/DIAFRAGMA,Pza,DUDOSO,11597,ICD,"GABIAO TIPO CAIXA MALHA HEXAGONAL 8 X 10 CM (ZN/AL), FIO 2,7 MM, DIMENSOES 2,0 X 1,0 X 1,0 M (C X L X A)",UN,1,261,673.35,2.58,Gavión caja 2×1×1: ZN/AL (11597) o con polímero (11593).,SUSTITUIR,0,0,MATERIAL,Obras Civiles
br_tierra_tratada_terranova_bolsa,Terra Vegetal Tratada,Bolsa,DUDOSO,38128,ICD,TERRA VEGETAL (ENSACADA),KG,25,40.8,27.5,0.674,Tierra vegetal embolsada (kg); peso de la bolsa no dicho. Factor supuesto: bolsa de 25 kg supuesta.,SUSTITUIR,0,0,MATERIAL,Obras Civiles
br_carpicola_monopol_gl,Cola branca para madeira,Gl,DUDOSO,44396,ICD,COLA BRANCA BASE PVA,KG,3.97,96.04,175.3152,1.825,"Cola blanca PVA (kg); ArqOn por galón (sin densidad). Factor supuesto: galón 3,785 L × 1,05 kg/L.",SUSTITUIR,0,0,MATERIAL,Pinturas
br_pintura_latex_exterior_l,Tinta Látex para Exterior,L,DUDOSO,35692,ICD,"TINTA LATEX ACRILICA STANDARD, COR BRANCA",L,1,26.36,21.07,0.799,Látex acrílico standard (35692) o premium (7356).,SUSTITUIR,1,1,MATERIAL,Pinturas
br_pintura_latex_satinado_l,Tinta Látex Acetinada,L,DUDOSO,35692,ICD,"TINTA LATEX ACRILICA STANDARD, COR BRANCA",L,1,34.53,21.07,0.61,No hay látex satinado; candidatos látex standard (35692) o esmalte base agua satinado (43649).,SUSTITUIR,1,1,MATERIAL,Pinturas
br_pintura_super_latex_gal,Tinta Super Látex,L,DUDOSO,35692,ICD,"TINTA LATEX ACRILICA STANDARD, COR BRANCA",L,1,19.07,21.07,1.105,«Super látex» es una línea comercial; standard (35692) o premium (7356).,SUSTITUIR,1,1,MATERIAL,Pinturas
br_sikalatex_adhesivo_y_aditivo_acrilico_5_kg,"Sikalatex, adesivo e aditivo acrílico",5 kg,DUDOSO,7334,ICD,ADITIVO ADESIVO LIQUIDO PARA ARGAMASSAS DE REVESTIMENTOS CIMENTICIOS,L,5,376,74.4,0.198,Aditivo adhesivo líquido (L); ArqOn en kg. Factor supuesto: densidad supuesta 1 kg/L.,SUSTITUIR,0,0,MATERIAL,Pinturas
br_superlatex_acrilico_l,Tinta Super Látex Acrílica,L,DUDOSO,7356,ICD,"TINTA LATEX ACRILICA PREMIUM, COR BRANCO FOSCO",L,1,32.01,32.19,1.006,Idem.,SUSTITUIR,1,1,MATERIAL,Pinturas
br_bomba_de_agua_1_2_hp_pza,Bomba d'água 1/2 HP,Pza,DUDOSO,731,ICD,"BOMBA CENTRIFUGA MOTOR ELETRICO MONOFASICO 0,49 HP BOCAIS 1"" X 3/4"", DIAMETRO DO ROTOR 110 MM, HM/Q: 6 M / 8,3 M3/H A 20 M / 1,2 M3/H",UN,1,1767,709.23,0.401,"Bomba centrífuga 0,49 HP monofásica (731).",SUSTITUIR,0,0,MATERIAL,Plomería
br_bomba_de_agua_1_5_hp_pza,Bomba d'água 1.5 HP,Pza,DUDOSO,734,ICD,"BOMBA CENTRIFUGA, MOTOR ELETRICO TRIFASICO 1,48HP DIAMETRO DE SUCCAO X ELEVACAO 1 1/2"" X 1"", DIAMETRO DO ROTOR 117 MM, HM/Q: 10 M / 21,9 M3/H A 24 M / 6,1 M3/H",UN,1,4614,1281.61,0.278,"Bomba centrífuga 1,48 HP (734/735).",SUSTITUIR,0,0,MATERIAL,Plomería
br_bomba_de_agua_1_hp_pza,Bomba d'água 1 HP,Pza,DUDOSO,732,ICD,"BOMBA CENTRIFUGA MOTOR ELETRICO TRIFASICO 0,99HP DIAMETRO DE SUCCAO X ELEVACAO 1"" X 1"", DIAMETRO DO ROTOR 145 MM, HM/Q: 14 M / 8,4 M3/H A 40 M / 0,60 M3/H",UN,1,3066,1195.53,0.39,"Bomba centrífuga 0,99 HP trifásica (732); altura/caudal no dichos.",SUSTITUIR,0,0,MATERIAL,Plomería
br_bomba_de_agua_2_hp_pza,Bomba d'água 2 HP,Pza,DUDOSO,736,ICD,"BOMBA CENTRIFUGA MOTOR ELETRICO TRIFASICO 2,96HP, DIAMETRO DE SUCCAO X ELEVACAO 1 1/2"" X 1 1/4"", DIAMETRO DO ROTOR 148 MM, HM/Q: 34 M / 14,80 M3/H A 40 M / 8,60 M3/H",UN,1,4432,1788.24,0.403,"No hay 2 HP; 2,96 HP (736).",SUSTITUIR,0,0,MATERIAL,Plomería
br_caja_sifonada_pvc_e_40_4_pza,Caixa Sifonada de PVC E-40 4″,Pza,DUDOSO,5103,ICD,"CAIXA SIFONADA PVC, 100 X 100 X 50 MM, COM GRELHA REDONDA, BRANCA",UN,1,28.25,27.93,0.989,Caja sifonada PVC 100×100×50 con rejilla (5103).,SUSTITUIR,1,1,MATERIAL,Plomería
br_caja_sifonada_pvc_porta_rejilla_6_pza,Caixa Sifonada de PVC com Porta-Grelha 6″,Pza,DUDOSO,11712,ICD,"CAIXA SIFONADA, PVC, 150 X 150 X 50 MM, COM GRELHA QUADRADA, BRANCA (NBR 5688)",UN,1,58.38,52.27,0.895,Caja sifonada PVC 150×150×50 con rejilla cuadrada (11712) o redonda (11717).,SUSTITUIR,1,1,MATERIAL,Plomería
br_camara_de_inspeccion_pvc_sanear_pza,Caixa de Inspeção de PVC,Pza,DUDOSO,41474,ICD,"CAIXA DE INSPECAO PARA ATERRAMENTO OU OUTRO USO, EM PVC, DN = 300 X *300* MM (INCLUIDA TAMPA EM FERRO FUNDIDO SEM ESCOTILHA)",UN,1,160,94.13,0.588,Caja de inspección PVC 300×300 (41474); medida no dicha.,SUSTITUIR,1,1,MATERIAL,Plomería
br_camara_desgrasadora_pvc_sanear_pza,Caixa de Gordura de PVC,Pza,DUDOSO,35277,ICD,"CAIXA DE GORDURA EM PVC, DIAMETRO MINIMO 300 MM, DIAMETRO DE SAIDA 100 MM, CAPACIDADE APROXIMADA 18 LITROS, COM TAMPA E CESTO",UN,1,65.91,441.28,6.695,Caja de grasa de PVC 18 L con tapa y canasto; el precio SINAPI es ~7× el estimado: revisar tamaño.,SUSTITUIR,1,1,MATERIAL,Plomería
br_caneria_de_cobre_o_1_2_pza,Tubo de cobre Ø 1/2″,Pza,DUDOSO,12713,ICD,"TUBO DE COBRE CLASSE ""E"", DN = 15 MM, PARA INSTALACAO HIDRAULICA PREDIAL",M,6,198,268.2,1.355,Tubo de cobre clase E 15 mm por m × 6 m (largo y clase no dichos).,SUSTITUIR,0,0,MATERIAL,Plomería
br_caneria_de_cobre_o_3_4_pza,Tubo de cobre Ø 3/4″,Pza,DUDOSO,12743,ICD,"TUBO DE COBRE CLASSE ""E"", DN = 22 MM, PARA INSTALACAO HIDRAULICA PREDIAL",M,6,358,461.34,1.289,Tubo de cobre clase E 22 mm por m × 6 m.,SUSTITUIR,0,0,MATERIAL,Plomería
br_fullcaneria_para_tubos_de_pvc_envase_18_l_pza,"Adesivo para tubos de PVC, embalagem 18 l",Pza,DUDOSO,122,ICD,"ADESIVO PLASTICO PARA PVC, FRASCO COM *850* GR",UN,21.18,432,1401.4806,3.244,"Adhesivo PVC: el SINAPI en frasco de 850 g; ArqOn envase de 18 L. Factor supuesto: 18 L ≈ 18 kg ÷ 0,85 kg por frasco.",SUSTITUIR,0,0,MATERIAL,Plomería
br_griferia_para_lavanderia_pza,Torneira para Tanque,Pza,DUDOSO,7603,ICD,"TORNEIRA DE METAL AMARELO, PARA TANQUE / JARDIM, DE PAREDE, SEM BICO, CANO CURTO, PADRAO POPULAR / USO GERAL, 1/2"" OU 3/4""",UN,1,53.36,37.91,0.71,Canilla para tanque: metal amarillo (7603) o plástica (11831).,SUSTITUIR,3,3,MATERIAL,Plomería
br_griferia_para_urinario_pza,Válvula para Mictório,Pza,DUDOSO,21112,ICD,VALVULA DE DESCARGA EM METAL CROMADO PARA MICTORIO COM ACIONAMENTO POR PRESSAO E FECHAMENTO AUTOMATICO,UN,1,57.75,327.02,5.663,Válvula de descarga cromada para urinario (21112); el precio SINAPI es ~6× el estimado: revisar tipo.,SUSTITUIR,1,1,MATERIAL,Plomería
br_hidro_de_1_2_m,Tubo de Polipropileno (PPR) 1/2″,m,DUDOSO,36274,ICD,"TUBO PPR PN 20, DN 20 MM, PARA AGUA QUENTE PREDIAL",M,1,11.61,11.66,1.004,PPR 20 mm: PN 20 (36274) o PN 25 (38978); ArqOn sin clase.,SUSTITUIR,1,1,MATERIAL,Plomería
br_hidro_de_3_4_m,Tubo de Polipropileno (PPR) 3/4″,m,DUDOSO,36278,ICD,"TUBO PPR PN 20, DN 25 MM, PARA AGUA QUENTE PREDIAL",M,1,15.07,15.81,1.049,PPR 25 mm: PN 20 (36278) o PN 25 (38979).,SUSTITUIR,1,1,MATERIAL,Plomería
br_inodoro_blanco_tanq_bajo_con_acc_pza,Vaso Sanitário Branco com Caixa Acoplada e Acessórios,Pza,DUDOSO,10422,ICD,"BACIA SANITARIA (VASO) COM CAIXA ACOPLADA, SIFAO APARENTE, DE LOUCA BRANCA (SEM ASSENTO)",UN,1,405,479.11,1.183,Inodoro con tanque acoplado de loza SIN asiento (10422); ArqOn con accesorios.,SUSTITUIR,1,1,MATERIAL,Plomería
br_lavamanos_blanco_con_acc_pza,Lavatório Branco com Acessórios,Pza,DUDOSO,10426,ICD,"LAVATORIO DE LOUCA BRANCA, COM COLUNA, DIMENSOES *54 X 44* CM (L X C)",UN,1,317,228.74,0.722,Lavatorio de loza con columna (10426) sin accesorios; ArqOn con accesorios.,SUSTITUIR,1,1,MATERIAL,Plomería
br_lavaplatos_1_depos_1_fregadero_pza,Pia de Cozinha 1 Cuba 1 Escorredor,Pza,DUDOSO,1746,ICD,"BANCADA/BANCA/PIA DE ACO INOXIDAVEL (AISI 430) COM 1 CUBA CENTRAL, COM VALVULA, ESCORREDOR DUPLO, DE *0,55 X 1,20* M",UN,1,229,254.45,1.111,"Pileta de acero inox 1 cuba con escurridor doble 0,55 × 1,20 (1746); ArqOn 1 escurridor, medida no dicha.",SUSTITUIR,1,1,MATERIAL,Plomería
br_lavaplatos_2_depos_1_fregadero_pza,Pia de Cozinha 2 Cubas 1 Escorredor,Pza,DUDOSO,1750,ICD,"BANCADA/BANCA/PIA DE ACO INOXIDAVEL (AISI 430) COM 2 CUBAS, COM VALVULAS, ESCORREDOR DUPLO, DE *0,55 X 2,00* M",UN,1,370,691.16,1.868,"Pileta inox 2 cubas escurridor doble 0,55 × 2,00 (1750); ArqOn 1 escurridor.",SUSTITUIR,1,1,MATERIAL,Plomería
br_lavaplatos_2_depos_2_fregaderos_pza,Pia de Cozinha 2 Cubas 2 Escorredores,Pza,DUDOSO,1750,ICD,"BANCADA/BANCA/PIA DE ACO INOXIDAVEL (AISI 430) COM 2 CUBAS, COM VALVULAS, ESCORREDOR DUPLO, DE *0,55 X 2,00* M",UN,1,691,691.16,1.0,"Pileta inox 2 cubas con escurridor doble 0,55 × 2,00 (1750); medida no dicha.",SUSTITUIR,1,1,MATERIAL,Plomería
br_llave_de_paso_cortina_galvanizado_1_pza,Registro de Gaveta Galvanizado 1″,Pza,DUDOSO,6019,ICD,"REGISTRO GAVETA BRUTO EM LATAO FORJADO, BITOLA 1""",UN,1,61.39,43.35,0.706,El SINAPI es de latón (6019); ArqOn dice galvanizado.,SUSTITUIR,3,3,MATERIAL,Plomería
br_llave_de_paso_tipo_cortina_de_cobre_o_1_2_pza,Registro de gaveta de cobre Ø 1/2″,Pza,DUDOSO,6020,ICD,"REGISTRO GAVETA BRUTO EM LATAO FORJADO, BITOLA 1/2""",UN,1,60.89,26.03,0.427,"Latón bruto 1/2"" (6020); ArqOn «de cobre» (¿extremos para soldar?).",SUSTITUIR,0,0,MATERIAL,Plomería
br_llave_de_paso_tipo_cortina_de_cobre_o_3_4_pza,Registro de gaveta de cobre Ø 3/4″,Pza,DUDOSO,6016,ICD,"REGISTRO GAVETA BRUTO EM LATAO FORJADO, BITOLA 3/4""",UN,1,115,27.46,0.239,"Latón bruto 3/4"" (6016); idem.",SUSTITUIR,0,0,MATERIAL,Plomería
br_medidor_de_agua_pza,Hidrômetro,Pza,DUDOSO,12769,ICD,"HIDROMETRO UNIJATO / MEDIDOR DE AGUA, DN 1/2"", VAZAO MAXIMA DE 1,5 M3/H, PARA AGUA POTAVEL FRIA, RELOJOARIA PLANA, CLASSE B, HORIZONTAL (SEM CONEXOES)",UN,1,239,105.9,0.443,"Hidrómetro unijato 1/2"" (12769 / 12773); caudal no dicho.",SUSTITUIR,1,1,MATERIAL,Plomería
br_mezclador_y_transf_p_ducha_pza,Misturador e Desviador para Chuveiro,Pza,DUDOSO,36800,ICD,"MISTURADOR METALICO, BASE PARA CHUVEIRO/BANHEIRA, 1/2"" OU 3/4"", SOLDAVEL OU ROSCAVEL (NAO INCLUI ACABAMENTOS)",UN,1,372,228.65,0.615,"Base de mezclador para ducha (36800), sin acabado.",SUSTITUIR,1,1,MATERIAL,Plomería
br_mezcladora_p_lavamanos_bras_pza,Misturador para Lavatório Bras.,Pza,DUDOSO,11769,ICD,"MISTURADOR DE METAL CROMADO, DE MESA/BANCADA, COM BICA BAIXA, PARA LAVATORIO",UN,1,346,380.52,1.1,Mezclador de mesa (11769) o de pared (36793).,SUSTITUIR,1,1,MATERIAL,Plomería
br_mezcladora_p_lavaplatos_bras_pza,Misturador para Pia de Cozinha Bras.,Pza,DUDOSO,11771,ICD,"MISTURADOR DE PAREDE, DE METAL CROMADO, PARA COZINHA, BICA ALTA MOVEL, COM AREJADOR ARTICULADO",UN,1,309,466.09,1.508,Mezclador de pared para cocina (11771); ArqOn sin tipo.,SUSTITUIR,3,3,MATERIAL,Plomería
br_niple_hexagonal_1_pza,Niple Hexagonal 1″,Pza,DUDOSO,4179,ICD,"NIPLE DE FERRO GALVANIZADO, COM ROSCA BSP, DE 1""",UN,1,8.6,12.35,1.436,"Niple sin material (en Bolivia suele ser galvanizado): galvanizado 1"" (4179).",SUSTITUIR,3,3,MATERIAL,Plomería
br_niple_hexagonal_3_4_pza,Niple Hexagonal 3/4″,Pza,DUDOSO,4178,ICD,"NIPLE DE FERRO GALVANIZADO, COM ROSCA BSP, DE 3/4""",UN,1,7.53,8.37,1.112,"Idem 3/4"" (4178).",SUSTITUIR,2,2,MATERIAL,Plomería
br_politubo_3_4_m,Mangueira de Polietileno 3/4″,m,DUDOSO,9813,ICD,"TUBO DE POLIETILENO DE ALTA DENSIDADE (PEAD), PE-80, DE = 20 MM X 2,3 MM DE PAREDE, PARA LIGACAO DE AGUA PREDIAL (NBR 15561)",M,1,1.51,5.49,3.636,"Politubo (manguera negra de polietileno) 3/4"" ↔ tubo PEAD 20 mm de conexión domiciliaria: otro producto.",SUSTITUIR,2,2,MATERIAL,Plomería
br_politubo_de_3_4_m,Mangueira de polietileno de 3/4″,m,DUDOSO,9813,ICD,"TUBO DE POLIETILENO DE ALTA DENSIDADE (PEAD), PE-80, DE = 20 MM X 2,3 MM DE PAREDE, PARA LIGACAO DE AGUA PREDIAL (NBR 15561)",M,1,2.01,5.49,2.731,Idem.,SUSTITUIR,0,0,MATERIAL,Plomería
br_sifon_de_pvc_pza,Sifão de PVC,Pza,DUDOSO,6149,ICD,"SIFAO PLASTICO TIPO COPO PARA PIA OU LAVATORIO, 1 X 1.1/2""",UN,1,28.88,14.03,0.486,"Sifón plástico tipo vaso 1""×1 1/2"" (6149) o extensible (20262).",SUSTITUIR,4,4,MATERIAL,Plomería
br_supertubo_hdpe_110_mm_4_m,Tubo de PEAD 110 Mm (4″),m,DUDOSO,44526,ICD,"TUBO DE POLIETILENO DE ALTA DENSIDADE, PEAD, PE-80, DE = 110 MM X 10,0 MM PAREDE, (SDR 11 - PN 12,5) PARA REDE DE AGUA OU ESGOTO (NBR 15561)",M,1,44.95,132.22,2.941,"PEAD 110 del SINAPI es SDR 11 PN 12,5 (pared gruesa); ArqOn sin clase.",SUSTITUIR,1,1,MATERIAL,Plomería
br_supertubo_hdpe_160_mm_6_pn6_m,Tubo de PEAD 160 Mm (6″) PN6,m,DUDOSO,44545,ICD,"TUBO DE POLIETILENO DE ALTA DENSIDADE, PEAD, PE-80, DE = 160 MM X 14,6 MM PAREDE, (SDR 11 - PN 12,5) PARA REDE DE AGUA OU ESGOTO (NBR 15561)",M,1,77.09,283.81,3.682,"SINAPI 160 SDR 11 PN 12,5; ArqOn PN 6: otra pared.",SUSTITUIR,1,1,MATERIAL,Plomería
br_supertubo_hdpe_200_mm_8_pn6_m,Tubo de PEAD 200 Mm (8″) PN6,m,DUDOSO,44547,ICD,"TUBO DE POLIETILENO DE ALTA DENSIDADE, PEAD, PE-80, DE= 200 MM X 18,2 MM PAREDE, (SDR 11 - PN 12,5) PARA REDE DE AGUA OU ESGOTO (NBR 15561)",M,1,119,442.43,3.718,"SINAPI 200 SDR 11 PN 12,5; ArqOn PN 6.",SUSTITUIR,1,1,MATERIAL,Plomería
br_supertubo_hdpe_50_mm_1_1_2_m,Tubo de PEAD 50 Mm (1 1/2″),m,DUDOSO,44521,ICD,"TUBO DE POLIETILENO DE ALTA DENSIDADE, PEAD, PE-80, DE= 50 MM X 4,6 MM PAREDE, (SDR 11 - PN 12,5) PARA REDE DE AGUA OU ESGOTO (NBR 15561)",M,1,9.42,28.17,2.99,"SINAPI 50 SDR 11 PN 12,5; ArqOn sin clase.",SUSTITUIR,1,1,MATERIAL,Plomería
br_supertubo_hdpe_75_mm_2_1_2_m,Tubo de PEAD 75 Mm (2 1/2″),m,DUDOSO,44524,ICD,"TUBO DE POLIETILENO DE ALTA DENSIDADE, PEAD, PE-80, DE= 75 MM X 6,9 MM PAREDE, (SRD 11 - PN 12,5) PARA REDE DE AGUA OU ESGOTO (NBR 15561)",M,1,20.9,62.99,3.014,"SINAPI 75 SDR 11 PN 12,5; ArqOn sin clase.",SUSTITUIR,1,1,MATERIAL,Plomería
br_tanque_plastico_10_000_lt_con_acc_pza,Reservatório Plástico 10 000 L com Acessórios,Pza,DUDOSO,37106,ICD,"CAIXA D'AGUA / RESERVATORIO EM POLIESTER REFORCADO COM FIBRA DE VIDRO, 10000 LITROS, COM TAMPA",UN,1,7991,5454.69,0.683,10.000 L sólo en fibra de vidrio con tapa (37106); ArqOn plástico con accesorios.,SUSTITUIR,1,1,MATERIAL,Plomería
br_tanque_plastico_1200_lt_con_acc_pza,Caixa d'Água Plástica 1200 L com Acessórios,Pza,DUDOSO,34639,ICD,"CAIXA D'AGUA / RESERVATORIO EM POLIETILENO, 1500 LITROS, COM TAMPA",UN,1,785,1160.64,1.479,Tanque de polietileno 1500 L con tapa (34639); no hay 1200 L y ArqOn incluye accesorios.,SUSTITUIR,1,1,MATERIAL,Plomería
br_tanque_plastico_2300_lt_con_acc_pza,Caixa d'Água Plástica 2300 L com Acessórios,Pza,DUDOSO,34640,ICD,"CAIXA D'AGUA / RESERVATORIO EM POLIETILENO, 2000 LITROS, COM TAMPA",UN,1,1663,1316.57,0.792,Tanque de polietileno 2000 L (34640); ArqOn 2300 L con accesorios.,SUSTITUIR,1,1,MATERIAL,Plomería
br_tanque_plastico_5000_lt_con_acc_pza,Caixa d'Água Plástica 5000 L com Acessórios,Pza,DUDOSO,37105,ICD,"CAIXA D'AGUA / RESERVATORIO EM POLIESTER REFORCADO COM FIBRA DE VIDRO, 5000 LITROS, COM TAMPA",UN,1,3829,3129.03,0.817,5000 L sólo en fibra de vidrio (37105); ArqOn plástico con accesorios.,SUSTITUIR,1,1,MATERIAL,Plomería
br_tanque_plastico_600_lt_con_acc_pza,Caixa d'Água Plástica 600 L com Acessórios,Pza,DUDOSO,34638,ICD,"CAIXA D'AGUA / RESERVATORIO EM POLIETILENO, 750 LITROS, COM TAMPA",UN,1,399,470.37,1.179,Polietileno 750 L (34638) / 500 L (34637); ArqOn 600 L con accesorios.,SUSTITUIR,1,1,MATERIAL,Plomería
br_tuberia_pvc_1_2_m,"Tubo de PVC 1/2""",m,DUDOSO,9856,ICD,"TUBO PVC, ROSCAVEL, 1/2"", AGUA FRIA PREDIAL",M,1,5.65,10.47,1.853,"PVC 1/2"" sin tipo: roscable (9856) o soldable 20 mm (9867).",SUSTITUIR,1,1,MATERIAL,Plomería
br_tuberia_pvc_4_m,"Tubo de PVC 4""",m,DUDOSO,9836,ICD,"TUBO PVC SERIE NORMAL, DN 100 MM, PARA ESGOTO PREDIAL (NBR 5688)",M,1,15.69,19.75,1.259,"PVC 4"" sin tipo: desagüe serie normal DN 100 (9836) o serie R (9841).",SUSTITUIR,1,1,MATERIAL,Plomería
br_tuberia_pvc_clase_9_3_con_junta_m,Tubo de PVC Classe 9 Ø 3″ com Junta,m,DUDOSO,36373,ICD,"TUBO PVC PBA JEI, CLASSE 12, DN 75 MM, PARA REDE DE AGUA (NBR 5647)",M,1,25.74,38.17,1.483,Clase 9 (presión boliviana) ↔ PVC PBA JEI clase 12 DN 75 (36373): otra clase.,SUSTITUIR,1,1,MATERIAL,Plomería
br_tuberia_pvc_clase_9_4_con_junta_m,Tubo de PVC Classe 9 Ø 4″ com Junta,m,DUDOSO,36374,ICD,"TUBO PVC PBA JEI, CLASSE 12, DN 100 MM, PARA REDE DE AGUA (NBR 5647)",M,1,42.69,62.04,1.453,Idem DN 100 clase 12 (36374).,SUSTITUIR,1,1,MATERIAL,Plomería
br_tuberia_pvc_e_40_2_con_junta_m,Tubo de PVC E-40 Ø 2″ com Junta,m,DUDOSO,36084,ICD,"TUBO PVC PBA JEI, CLASSE 12, DN 50 MM, PARA REDE DE AGUA (NBR 5647)",M,1,21.34,18.38,0.861,E-40 (norma boliviana) ↔ PBA JEI clase 12 DN 50 (36084): otra norma.,SUSTITUIR,1,1,MATERIAL,Plomería
br_tuberia_pvc_e_40_3_con_junta_m,Tubo de PVC E-40 Ø 3″ com Junta,m,DUDOSO,36373,ICD,"TUBO PVC PBA JEI, CLASSE 12, DN 75 MM, PARA REDE DE AGUA (NBR 5647)",M,1,48.34,38.17,0.79,Idem DN 75.,SUSTITUIR,1,1,MATERIAL,Plomería
br_tuberia_pvc_e_40_4_con_junta_m,Tubo de PVC E-40 Ø 4″ com Junta,m,DUDOSO,36374,ICD,"TUBO PVC PBA JEI, CLASSE 12, DN 100 MM, PARA REDE DE AGUA (NBR 5647)",M,1,65.28,62.04,0.95,Idem DN 100.,SUSTITUIR,1,1,MATERIAL,Plomería
br_tubo_de_hormigon_12_para_desague_m,Tubo de Concreto 12″ para Esgoto,m,DUDOSO,37450,ICD,"TUBO DE CONCRETO SIMPLES PARA AGUAS PLUVIAIS, CLASSE PS1, COM ENCAIXE MACHO E FEMEA, DIAMETRO NOMINAL DE 300 MM",M,1,80.35,60.05,0.747,Tubo de concreto simple DN 300 macho-hembra (pluvial PS1); ArqOn para desagüe.,SUSTITUIR,1,1,MATERIAL,Plomería
br_tubo_de_hormigon_16_para_desague_m,Tubo de Concreto 16″ para Esgoto,m,DUDOSO,37451,ICD,"TUBO DE CONCRETO SIMPLES PARA AGUAS PLUVIAIS, CLASSE PS1, COM ENCAIXE MACHO E FEMEA, DIAMETRO NOMINAL DE 400 MM",M,1,107,83.83,0.783,Tubo de concreto simple DN 400 (pluvial PS1).,SUSTITUIR,1,1,MATERIAL,Plomería
br_tubo_de_hormigon_armado_40_m,Tubo de Concreto Armado 40″,m,DUDOSO,7753,ICD,"TUBO DE CONCRETO ARMADO PARA AGUAS PLUVIAIS, CLASSE PA-1, COM ENCAIXE PONTA E BOLSA, DIAMETRO NOMINAL DE 1000 MM",M,1,753,524.43,0.696,Tubo de concreto armado DN 1000 pluvial PA-1 (7753); clase no dicha.,SUSTITUIR,1,1,MATERIAL,Plomería
br_tubo_desague_pvc_4_sdr_m,Tubo de PVC para Esgoto Ø 4″ SDR,m,DUDOSO,36365,ICD,"TUBO COLETOR DE ESGOTO PVC, JEI, DN 100 MM (NBR 7362)",M,1,26.36,53.19,2.018,SDR ↔ colector PVC JEI DN 100 NBR 7362 (36365) o serie normal (9836).,SUSTITUIR,1,1,MATERIAL,Plomería
br_tubo_desague_pvc_6_sdr_35_m,Tubo de PVC para Esgoto Ø 6″ SDR 35,m,DUDOSO,41936,ICD,"TUBO COLETOR DE ESGOTO, PVC, JEI, DN 150 MM (NBR 7362)",M,1,54.3,104.32,1.921,Colector PVC JEI DN 150 NBR 7362 (41936); SDR 35 no dicho en el SINAPI.,SUSTITUIR,1,1,MATERIAL,Plomería
br_tubo_desague_pvc_clase_9_3_m,Tubo de PVC para Esgoto Classe 9 Ø 3″,m,DUDOSO,9837,ICD,"TUBO PVC SERIE NORMAL, DN 75 MM, PARA ESGOTO PREDIAL (NBR 5688)",M,1,25.74,18.7,0.726,Desagüe PVC serie normal DN 75 (9837); «clase 9» es una norma boliviana.,SUSTITUIR,1,1,MATERIAL,Plomería
br_tubo_desague_pvc_clase_9_4_m,Tubo de PVC para Esgoto Classe 9 Ø 4″,m,DUDOSO,9836,ICD,"TUBO PVC SERIE NORMAL, DN 100 MM, PARA ESGOTO PREDIAL (NBR 5688)",M,1,42.69,19.75,0.463,Desagüe PVC serie normal DN 100 (9836).,SUSTITUIR,1,1,MATERIAL,Plomería
br_union_universal_de_cobre_o_1_2_pza,União universal de cobre Ø 1/2″,Pza,DUDOSO,12426,ICD,"UNIAO COM ASSENTO CONICO DE BRONZE, DIAMETRO 1/2""",UN,1,40.8,48.52,1.189,"Unión de bronce asiento cónico 1/2"" (12426); no es de cobre soldable.",SUSTITUIR,0,0,MATERIAL,Plomería
br_union_universal_de_cobre_o_3_4_pza,União universal de cobre Ø 3/4″,Pza,DUDOSO,12430,ICD,"UNIAO COM ASSENTO CONICO DE BRONZE, DIAMETRO 3/4""",UN,1,56.5,59.48,1.053,"Unión de bronce asiento cónico 3/4"" (12430).",SUSTITUIR,0,0,MATERIAL,Plomería
br_urinario_blanco_con_sifon_pza,Mictório Branco com Sifão,Pza,DUDOSO,10432,ICD,"MICTORIO INDIVIDUAL, SIFONADO, DE LOUCA BRANCA, SEM COMPLEMENTOS",UN,1,324,446.27,1.377,Urinario de loza sifonado sin complementos (10432).,SUSTITUIR,1,1,MATERIAL,Plomería
br_valvula_de_retencion_bronce_3_4_pza,"Válvula de Retenção de Bronze 3/4""",Pza,DUDOSO,10413,ICD,"VALVULA DE RETENCAO VERTICAL, DE BRONZE (PN-16), 3/4"", 200 PSI, EXTREMIDADES COM ROSCA",UN,1,69.05,102.36,1.482,"Retención de bronce 3/4"": vertical (10413) u horizontal (10412).",SUSTITUIR,0,0,MATERIAL,Plomería
br_valvula_de_retencion_galvanizado_1_pza,Válvula de Retenção Galvanizada 1″,Pza,DUDOSO,10418,ICD,"VALVULA DE RETENCAO VERTICAL, DE BRONZE (PN-16), 1"", 200 PSI, EXTREMIDADES COM ROSCA",UN,1,92.28,111.84,1.212,"Retención 1"" de bronce vertical (10418) u horizontal (10410); el ArqOn dice galvanizada.",SUSTITUIR,4,4,MATERIAL,Plomería
br_baranda_de_acero_inoxidable_h_0_90_m_m,"Guarda-Corpo de Aço Inoxidável H=0,90 M",m,SIN_EQUIVALENTE,,,,,,307,,,Baranda armada; el SINAPI sólo tiene barras de apoyo/soportes sueltos. No se usa en ninguna receta BR: sacarlo de la lista de precios BR.,QUITAR,0,0,MATERIAL,Acero y Metal
br_estructura_metalica_galvanizado_3d_m2,Estrutura Metálica Galvanizada 3D,m2,SIN_EQUIVALENTE,39427,ICD,"PERFIL CANALETA, FORMATO C, EM ACO ZINCADO, PARA ESTRUTURA FORRO DRYWALL, E = 0,5 MM, *46 X 18* (L X H), COMPRIMENTO 3 M",M,2,32.64,9.04,0.277,"Estructura armada; no es un insumo del SINAPI. Estructura de cielo raso drywall: perfil canaleta C por m, ~2 m por m² supuesto.",SUSTITUIR,1,1,MATERIAL,Acero y Metal
br_estructura_metalica_para_letrero_glb,Estrutura Metálica para Letreiro,Glb,SIN_EQUIVALENTE,,,,,,251,,,Global; sin insumo SINAPI. Placa de obra de lona: pasa a la placa de obra SINAPI.,QUITAR,1,1,MATERIAL,Acero y Metal
br_lavadero_de_fierro_enlosado_pza,Tanque de Lavar de Ferro Esmaltado,Pza,SIN_EQUIVALENTE,11690,ICD,"TANQUE SIMPLES EM MARMORE SINTETICO DE FIXAR NA PAREDE, CAPACIDADE *22* L, *60 X 46* CM",UN,1,270,309.98,1.148,Sin equivalente. Tanque de mármol sintético de fijar en pared 22 L (práctica brasileña).,SUSTITUIR,1,1,MATERIAL,Acero y Metal
br_malla_milimetrica_plastica_m2,Tela mosquiteira plástica,m2,SIN_EQUIVALENTE,,,,,,11.61,,,Sin tela mosquitera en el SINAPI. No se usa en ninguna receta BR: sacarlo de la lista de precios BR.,QUITAR,0,0,MATERIAL,Acero y Metal
br_perfil_h_m,Perfil H,m,SIN_EQUIVALENTE,,,,,,15.07,,,Perfil H sin especificar. Accesorio del policarbonato; ítem NINGUNA.,QUITAR,2,2,MATERIAL,Acero y Metal
br_perfil_p_cercha_pcg_40x6_mm_m,Perfil C Galvanizado (PCG) para Tesoura 40X6 Mm,m,SIN_EQUIVALENTE,,,,,,8.47,,,Idem (steel framing para tesoura). Idem.,QUITAR,1,1,MATERIAL,Acero y Metal
br_perfil_p_cercha_pgg_40x6_mm_m,Perfil PGG para Tesoura 40X6 Mm,m,SIN_EQUIVALENTE,,,,,,9.1,,,Steel framing; sin sección en el SINAPI. Idem.,QUITAR,1,1,MATERIAL,Acero y Metal
br_perfil_para_ventana_3_2_barra,Perfil para janela 3-2,Barra,SIN_EQUIVALENTE,,,,,,53.99,,,Perfil suelto de ventana: el SINAPI sólo trae la ventana entera (no mapear a ventana). No se usa en ninguna receta BR: sacarlo de la lista de precios BR.,QUITAR,0,0,MATERIAL,Acero y Metal
br_perfil_para_ventana_3_4_barra,Perfil para janela 3-4,Barra,SIN_EQUIVALENTE,,,,,,86,,,Idem. No se usa en ninguna receta BR: sacarlo de la lista de precios BR.,QUITAR,0,0,MATERIAL,Acero y Metal
br_perfil_para_ventana_4_2_barra,Perfil para janela 4-2,Barra,SIN_EQUIVALENTE,,,,,,72.19,,,Idem. No se usa en ninguna receta BR: sacarlo de la lista de precios BR.,QUITAR,0,0,MATERIAL,Acero y Metal
br_perfil_pcg_61x40x6_mm_m,Perfil C Galvanizado (PCG) 61X40X6 Mm,m,SIN_EQUIVALENTE,,,,,,10.04,,,Perfil C galvanizado de steel framing: el SINAPI no tiene esta sección. Idem.,QUITAR,1,1,MATERIAL,Acero y Metal
br_perfil_pcg_90x40x6_mm_m,Perfil C Galvanizado (PCG) 90X40X6 Mm,m,SIN_EQUIVALENTE,,,,,,12.24,,,Idem (steel framing 90×40). Steel frame: sin perfiles en el SINAPI; ítem NINGUNA.,QUITAR,2,2,MATERIAL,Acero y Metal
br_perfil_pcj_90x40_mm_m,Perfil PCJ 90X40 Mm,m,SIN_EQUIVALENTE,,,,,,11.3,,,Steel framing; sin sección en el SINAPI. Idem.,QUITAR,1,1,MATERIAL,Acero y Metal
br_perfil_pgg_61x40x6_mm_m,Perfil PGG 61X40X6 Mm,m,SIN_EQUIVALENTE,,,,,,9.42,,,Steel framing; sin sección en el SINAPI. Idem.,QUITAR,1,1,MATERIAL,Acero y Metal
br_perfil_pgj_90x40_mm_m,Perfil PGJ 90X40 Mm,m,SIN_EQUIVALENTE,,,,,,11.3,,,Steel framing; sin sección en el SINAPI. Idem.,QUITAR,1,1,MATERIAL,Acero y Metal
br_perfil_tee_1_8_1_1_2_3_37_mm_barra,Perfil tê 1/8″ × 1 1/2″ (3 × 37 mm),Barra,SIN_EQUIVALENTE,,,,,,132,,,Sin perfil T laminado en el SINAPI. No se usa en ninguna receta BR: sacarlo de la lista de precios BR.,QUITAR,0,0,MATERIAL,Acero y Metal
br_perfil_tee_1_8_3_4_3_16_mm_barra,Perfil tê 1/8″ × 3/4″ (3 × 16 mm),Barra,SIN_EQUIVALENTE,,,,,,74.07,,,Sin perfil T laminado en el SINAPI. No se usa en ninguna receta BR: sacarlo de la lista de precios BR.,QUITAR,0,0,MATERIAL,Acero y Metal
br_perfil_tee_1_x_1_8_m,Perfil Tê 1″ X 1/8″,m,SIN_EQUIVALENTE,567,ICD,"CANTONEIRA (ABAS IGUAIS) EM ACO CARBONO, 25,4 MM X 3,17 MM (L X E), 1,27KG/M",M,1,13.18,11.27,0.855,"El SINAPI no tiene perfil T de acero laminado (sólo T de cielo raso clicado). Ángulo 1"" × 1/8"" por m (peso casi igual a la T).",SUSTITUIR,1,1,MATERIAL,Acero y Metal
br_perfil_terminal_u_m,Perfil Terminal U,m,SIN_EQUIVALENTE,,,,,,26.36,,,Perfil terminal sin especificar. Idem.,QUITAR,2,2,MATERIAL,Acero y Metal
br_tubo_cuadrado_15_15_mm_e_1_2_mm_barra,"Tubo quadrado 15×15 mm, e = 1.2 mm",Barra,SIN_EQUIVALENTE,,,,,,32.33,,,Metalon: sin insumo SINAPI. No se usa en ninguna receta BR: sacarlo de la lista de precios BR.,QUITAR,0,0,MATERIAL,Acero y Metal
br_tubo_cuadrado_20_20_mm_e_1_2_mm_barra,"Tubo quadrado 20×20 mm, e = 1.2 mm",Barra,SIN_EQUIVALENTE,,,,,,43,,,Metalon: sin insumo SINAPI. No se usa en ninguna receta BR: sacarlo de la lista de precios BR.,QUITAR,0,0,MATERIAL,Acero y Metal
br_tubo_cuadrado_25_25_mm_e_1_2_mm_barra,"Tubo quadrado 25×25 mm, e = 1.2 mm",Barra,SIN_EQUIVALENTE,,,,,,52.73,,,Metalon: sin insumo SINAPI. No se usa en ninguna receta BR: sacarlo de la lista de precios BR.,QUITAR,0,0,MATERIAL,Acero y Metal
br_tubo_cuadrado_40_40_mm_e_1_2_mm_barra,"Tubo quadrado 40×40 mm, e = 1.2 mm",Barra,SIN_EQUIVALENTE,,,,,,81.61,,,Metalon: sin insumo SINAPI. No se usa en ninguna receta BR: sacarlo de la lista de precios BR.,QUITAR,0,0,MATERIAL,Acero y Metal
br_tubo_cuadrado_40x40x1_2mm_m,TUBO Quadrado 40x40x1.2mm,m,SIN_EQUIVALENTE,,,,,,18.83,,,Tubo cuadrado (metalon): el SINAPI no lo tiene como insumo. No se usa en ninguna receta BR: sacarlo de la lista de precios BR.,QUITAR,0,0,MATERIAL,Acero y Metal
br_tubo_rectangular_100_50_mm_e_2_0_mm_barra,"Tubo retangular 100×50 mm, e = 2.0 mm",Barra,SIN_EQUIVALENTE,,,,,,242,,,Metalon: sin insumo SINAPI. No se usa en ninguna receta BR: sacarlo de la lista de precios BR.,QUITAR,0,0,MATERIAL,Acero y Metal
br_tubo_rectangular_50_30_mm_e_1_5_mm_barra,"Tubo retangular 50×30 mm, e = 1.5 mm",Barra,SIN_EQUIVALENTE,,,,,,87.26,,,Metalon: sin insumo SINAPI. No se usa en ninguna receta BR: sacarlo de la lista de precios BR.,QUITAR,0,0,MATERIAL,Acero y Metal
br_tubo_rectangular_50_30_mm_e_2_0_mm_barra,"Tubo retangular 50×30 mm, e = 2.0 mm",Barra,SIN_EQUIVALENTE,,,,,,97.3,,,Metalon: sin insumo SINAPI. No se usa en ninguna receta BR: sacarlo de la lista de precios BR.,QUITAR,0,0,MATERIAL,Acero y Metal
br_tubo_redondo_o_19_mm_barra,Tubo redondo Ø 19 mm,Barra,SIN_EQUIVALENTE,,,,,,30.76,,,"Tubo redondo liviano (metalon); los tubos NBR 5580 del SINAPI son cañería, otra pared. No se usa en ninguna receta BR: sacarlo de la lista de precios BR.",QUITAR,0,0,MATERIAL,Acero y Metal
br_tubo_redondo_o_22_mm_barra,Tubo redondo Ø 22 mm,Barra,SIN_EQUIVALENTE,,,,,,42.69,,,Idem. No se usa en ninguna receta BR: sacarlo de la lista de precios BR.,QUITAR,0,0,MATERIAL,Acero y Metal
br_tubo_redondo_o_25_mm_barra,Tubo redondo Ø 25 mm,Barra,SIN_EQUIVALENTE,,,,,,47.71,,,Idem. No se usa en ninguna receta BR: sacarlo de la lista de precios BR.,QUITAR,0,0,MATERIAL,Acero y Metal
br_tubo_redondo_o_50_mm_barra,Tubo redondo Ø 50 mm,Barra,SIN_EQUIVALENTE,,,,,,81.61,,,Idem. No se usa en ninguna receta BR: sacarlo de la lista de precios BR.,QUITAR,0,0,MATERIAL,Acero y Metal
br_tubular_cuadrado_20x20_mm_m,Tubo Quadrado 20X20 Mm,m,SIN_EQUIVALENTE,,,,,,9.42,,,Metalon: sin insumo SINAPI. Metalon: sin insumo; el ítem de reja pasa a NINGUNA/ADAPTADA.,QUITAR,1,1,MATERIAL,Acero y Metal
br_tubular_rectangular_50x30x2_mm_m,Tubo Retangular 50X30X2 Mm,m,SIN_EQUIVALENTE,,,,,,16.2,,,Metalon: sin insumo SINAPI. Idem (placa de obra).,QUITAR,1,1,MATERIAL,Acero y Metal
br_masa_flex_construpanel_kg,Argamassa Flexível para Painel de EPS,Kg,SIN_EQUIVALENTE,,,,,,9.42,,,Mortero propietario para paneles EPS. Idem.,QUITAR,4,4,MATERIAL,Adhesivos
br_panel_fix_construpanel_kg,Argamassa de Fixação para Painel de EPS,Kg,SIN_EQUIVALENTE,,,,,,9.3,,,Mortero propietario para paneles EPS. Idem.,QUITAR,4,4,MATERIAL,Adhesivos
br_parketek_para_parket_l,Selador para Parquete,L,SIN_EQUIVALENTE,10478,ICD,"VERNIZ A BASE RESINA ALQUIDICA COM POLIURETANO PARA MADEIRA, COM FILTRO SOLAR, BRILHANTE, USO INTERNO E EXTERNO",L,1,10.04,39.48,3.932,"Sin sellador de parquet en el SINAPI. Barniz PU para madera (el mismo del br_barniz_para_madera_l), L.",SUSTITUIR,1,1,MATERIAL,Adhesivos
br_pegamento_para_cesped_sintetico_l,Cola para Grama Sintética,L,SIN_EQUIVALENTE,,,,,,43.31,,,Sin equivalente. Idem.,QUITAR,2,2,MATERIAL,Adhesivos
br_senaletica_acrilica_con_adhesivo_40x30_cm_pza,Placa de Sinalização em Acrílico com Adesivo 40x30 Cm,Pza,SIN_EQUIVALENTE,,,,,,25.11,,,Sin equivalente. Idem.,QUITAR,1,1,MATERIAL,Adhesivos
br_caucho_granulado_p_cesped_5_kg,Borracha Granulada para Grama Sintética 5,Kg,SIN_EQUIVALENTE,,,,,,7.53,,,Sin equivalente. Idem.,QUITAR,1,1,MATERIAL,Agregados
br_cesped_sint_bicolor_h_5_mm_m2,Grama Sintética Bicolor H=5 Mm,m2,SIN_EQUIVALENTE,,,,,,105,,,Sin césped sintético en el SINAPI. Idem.,QUITAR,1,1,MATERIAL,Agregados
br_cesped_sint_monofilamento_h_6_mm_m2,Grama Sintética Monofilamento H=6 Mm,m2,SIN_EQUIVALENTE,,,,,,169,,,Idem. Idem.,QUITAR,1,1,MATERIAL,Agregados
br_lama_m3,Silte Fino (Lama),m3,SIN_EQUIVALENTE,,,,,,18.83,,,Sin equivalente. Relleno con lodo: ítem NINGUNA.,QUITAR,1,1,MATERIAL,Agregados
br_paja_kg,Palha,Kg,SIN_EQUIVALENTE,,,,,,2.51,,,Sin equivalente. Paja en morteros/revoques: sin rol en la práctica brasileña.,QUITAR,3,3,MATERIAL,Agregados
br_piedra_cortada_20_20_cm_pza,Pedra cortada 20×20 cm,Pza,SIN_EQUIVALENTE,,,,,,7.22,,,Sin equivalente. No se usa en ninguna receta BR: sacarlo de la lista de precios BR.,QUITAR,0,0,MATERIAL,Agregados
br_piedra_cortada_20x20x20_cm_m3,Pedra Cortada 20X20X20 Cm,m3,SIN_EQUIVALENTE,,,,,,75.8,,,Sin equivalente. Mampostería de piedra labrada: ítem NINGUNA.,QUITAR,1,1,MATERIAL,Agregados
br_piedra_sillar_30_30_40_cm_pza,Pedra de cantaria 30×30×40 cm,Pza,SIN_EQUIVALENTE,,,,,,48.96,,,Sin equivalente. No se usa en ninguna receta BR: sacarlo de la lista de precios BR.,QUITAR,0,0,MATERIAL,Agregados
br_ray_grass_kg,Azevém (Ray-Grass),Kg,SIN_EQUIVALENTE,,,,,,47.71,,,"Sin semillas en el SINAPI. El SINAPI usa grama en placas, no semilla.",QUITAR,1,1,MATERIAL,Agregados
br_ripio_bruto_m3,Cascalho bruto,m3,SIN_EQUIVALENTE,,,,,,110,,,Grava de río sin procesar; el SINAPI sólo tiene brita y seixo rolado para concreto. No se usa en ninguna receta BR: sacarlo de la lista de precios BR.,QUITAR,0,0,MATERIAL,Agregados
br_tierra_cernida_m3,Terra Peneirada,m3,SIN_EQUIVALENTE,366,ICD,"AREIA FINA - POSTO JAZIDA/FORNECEDOR (RETIRADO NA JAZIDA, SEM TRANSPORTE)",M3,1,86.63,92.0,1.062,"Sin equivalente. Cama de asiento de cañería: arena fina, m³ (práctica SINAPI).",SUSTITUIR,1,1,MATERIAL,Agregados
br_tierra_comun_m3,Terra Comum,m3,SIN_EQUIVALENTE,368,ICD,"AREIA PARA ATERRO - POSTO JAZIDA/FORNECEDOR (RETIRADO NA JAZIDA, SEM TRANSPORTE)",M3,1,47.08,46.0,0.977,"Sin «terra comum» en el SINAPI. Material de relleno: areia para aterro, m³.",SUSTITUIR,1,1,MATERIAL,Agregados
br_turba_m3,Turfa,m3,SIN_EQUIVALENTE,7253,ICD,TERRA VEGETAL (GRANEL),M3,1,67.8,235.71,3.477,"Sin equivalente. Tierra vegetal a granel, m³.",SUSTITUIR,3,3,MATERIAL,Agregados
br_caja_interceptora_cemento_pza,Caixa Sifonada de Cimento,Pza,SIN_EQUIVALENTE,11712,ICD,"CAIXA SIFONADA, PVC, 150 X 150 X 50 MM, COM GRELHA QUADRADA, BRANCA (NBR 5688)",UN,1,40.8,52.27,1.281,Sin caja sifonada de cemento. Caja sifonada PVC 150×150×50 (práctica brasileña).,SUSTITUIR,1,1,MATERIAL,Cemento y Cal
br_calamina_ondulada_de_policarbonato_m2,Telha Ondulada de Policarbonato,m2,SIN_EQUIVALENTE,7184,ICD,"TELHA DE FIBRA DE VIDRO ONDULADA, TRANSLUCIDA / INCOLOR, E = *0,6* MM, DE *0,50 X 2,44* M (L X C)",M2,1,51.47,40.61,0.789,"El SINAPI tiene fibra de vidrio (7184), no policarbonato. Teja ondulada translúcida de fibra de vidrio, m² (no es policarbonato).",SUSTITUIR,1,1,MATERIAL,Cemento y Cal
br_calamina_pvc_2_40x0_90_m_m2,"Telha de PVC 2.40X0,90 M",m2,SIN_EQUIVALENTE,,,,,,65.91,,,Sin telha de PVC. Sin teja de PVC; ítem a revisar (NINGUNA).,QUITAR,1,1,MATERIAL,Cemento y Cal
br_calefon_a_gas_11l_con_accesorios_pza,Aquecedor a Gás 11L com Acessórios,Pza,SIN_EQUIVALENTE,,,,,,3026,,,Sin calentador a gas en el SINAPI. Calefón: ítem NINGUNA.,QUITAR,1,1,MATERIAL,Cemento y Cal
br_calefon_a_gas_14l_con_accesorios_pza,Aquecedor a Gás 14L com Acessórios,Pza,SIN_EQUIVALENTE,,,,,,3434,,,Idem. Idem.,QUITAR,1,1,MATERIAL,Cemento y Cal
br_cemento_asfaltico_kg,Cimento Asfáltico,Kg,SIN_EQUIVALENTE,,,,,,8.79,,,"El SINAPI sólo trae el CBUQ (mezcla) y asfalto oxidado de impermeabilizar. El ítem pasa a CBUQ (1518, t) en vez de CAP + áridos.",QUITAR,1,1,MATERIAL,Cemento y Cal
br_cemento_consductivo_illapa_bolsa,Cimento condutivo para aterramento,Bolsa,SIN_EQUIVALENTE,,,,,,220,,,Sin equivalente (la bentonita del SINAPI es otro producto). No se usa en ninguna receta BR: sacarlo de la lista de precios BR.,QUITAR,0,0,MATERIAL,Cemento y Cal
br_clavos_para_calamina_kg,Pregos para Telha,Kg,SIN_EQUIVALENTE,5069,ICD,PREGO DE ACO POLIDO COM CABECA 17 X 27 (2 1/2 X 11),KG,1,10.04,12.7,1.265,"Sin clavo para calamina (el SINAPI usa gancho/parafuso para telhas). Clavo de acero 17×27 (el mismo del br_clavos_kg), kg.",SUSTITUIR,3,3,MATERIAL,Cemento y Cal
br_lavarropa_de_cemento_2_depositos_pza,Tanque de Lavar Roupa de Cimento 2 Cubas,Pza,SIN_EQUIVALENTE,36790,ICD,"TANQUE DUPLO EM MARMORE SINTETICO COM CUBA LISA E ESFREGADOR, *110 X 60* CM",UN,1,333,476.24,1.43,Idem. Tanque doble de mármol sintético 110 × 60.,SUSTITUIR,1,1,MATERIAL,Cemento y Cal
br_lavarropa_de_cemento_pza,Tanque de Lavar Roupa de Cimento,Pza,SIN_EQUIVALENTE,11690,ICD,"TANQUE SIMPLES EM MARMORE SINTETICO DE FIXAR NA PAREDE, CAPACIDADE *22* L, *60 X 46* CM",UN,1,232,309.98,1.336,"El SINAPI tiene tanque de mármol sintético/loza, no de cemento. Tanque simple de mármol sintético 22 L.",SUSTITUIR,1,1,MATERIAL,Cemento y Cal
br_masilla_etercoart_l,Massa Plástica de Poliéster,L,SIN_EQUIVALENTE,39433,ICD,"MASSA DE REJUNTE PRONTA PARA TRATAMENTO DE JUNTAS DE CHAPA DE GESSO PARA DRYWALL, SEM ADICAO DE AGUA",KG,1.6,15.69,4.512,0.288,"Idem. Masa de juntas lista (kg); 1 L ≈ 1,6 kg supuesto.",SUSTITUIR,2,2,MATERIAL,Cemento y Cal
br_masilla_eterglass_l,Massa Plástica com Fibra de Vidro,L,SIN_EQUIVALENTE,39433,ICD,"MASSA DE REJUNTE PRONTA PARA TRATAMENTO DE JUNTAS DE CHAPA DE GESSO PARA DRYWALL, SEM ADICAO DE AGUA",KG,1.6,16.95,4.512,0.266,Masilla de poliéster con fibra (automotriz); sin equivalente. Idem.,SUSTITUIR,2,2,MATERIAL,Cemento y Cal
br_nitrato_kg,Nitrato,Kg,SIN_EQUIVALENTE,37534,ICD,"EMULSAO EXPLOSIVA EM CARTUCHOS DE 1"" X 12"", DENSIDADE 1.15 G/CM3, INICIACAO ESPOLETA N. 8 / CORDEL",KG,1,5.34,30.2,5.655,"Sin equivalente. Explosivo: emulsión explosiva en cartucho, kg.",SUSTITUIR,1,1,MATERIAL,Cemento y Cal
br_ocre_importado_kg,Pigmento Ocre Importado,Kg,SIN_EQUIVALENTE,,,,,,11.93,,,Sin pigmentos en el SINAPI. Pigmento opcional; el SINAPI no lo lleva.,QUITAR,2,2,MATERIAL,Cemento y Cal
br_quincalleria_y_accesorios_p_puerta_glb,Ferragens e Acessórios para Porta,Glb,SIN_EQUIVALENTE,,,,,,154,,,Global. Global.,QUITAR,1,1,MATERIAL,Cemento y Cal
br_zocalo_de_ceramica_m,Rodapé Cerâmico,m,SIN_EQUIVALENTE,536,ICD,"REVESTIMENTO PARA PAREDE, EM CERAMICA ESMALTADA, FORMATO MENOR OU IGUAL A 2025 CM2",M2,0.1,7.85,2.755,0.351,"Sin zócalo cerámico. Zócalo cortado de la cerámica esmaltada: 1 m × 0,10 m = 0,1 m².",SUSTITUIR,1,1,MATERIAL,Cemento y Cal
br_cenefa_m,Faixa Decorativa,m,SIN_EQUIVALENTE,,,,,,64.66,,,Sin equivalente. Decorativo.,QUITAR,1,1,MATERIAL,Cubiertas
br_policarbonato_con_bronce_6_mm_m2,Policarbonato Bronze 6 Mm,m2,SIN_EQUIVALENTE,,,,,,74.07,,,Sin policarbonato en el SINAPI. Sin policarbonato; ítem NINGUNA.,QUITAR,1,1,MATERIAL,Cubiertas
br_policarbonato_con_bronce_8_mm_m2,Policarbonato Bronze 8 Mm,m2,SIN_EQUIVALENTE,,,,,,86.63,,,Idem. Idem.,QUITAR,1,1,MATERIAL,Cubiertas
br_teja_espanola_color_duralit_m2,Telha Espanhola Colorida de Fibrocimento,m2,SIN_EQUIVALENTE,7194,ICD,"TELHA DE FIBROCIMENTO ONDULADA E = 6 MM, DE 2,44 X 1,10 M (SEM AMIANTO)",M2,1,72.82,26.54,0.364,"Sin teja española de fibrocemento. Fibrocemento ondulado 6 mm, m².",SUSTITUIR,1,1,MATERIAL,Cubiertas
br_vigueta_pretensada_h_20_m,Vigota Protendida H=20,m,SIN_EQUIVALENTE,43348,ICD,"LAJE PRE-MOLDADA COM VIGOTA PROTENDIDA (LAJOTAS + VIGOTAS) COM LAJOTA EM POLIESTIRENO EXPANDIDO (EPS), H20, *33* X 100 X 20 CM (L X C X A) E VIGOTA VPT 10 X 9 CM (L X A), PARA PISO, UNIDIRECIONAL, SOBRECARGA DE 350 KGF/M2, VAO ATE 7 M (SEM COLOCACAO)",M2,0.5,26.99,58.815,2.179,"El SINAPI trae la losa entera (vigotas + lajotas) por m², no la vigueta suelta. Losa pre-moldeada VP con EPS H20 por m² (vigotas + lajotas); 2 m de vigueta/m² → ×0,5; quitar además los bloques EPS de esos ítems.",SUSTITUIR,4,4,MATERIAL,Cubiertas
br_cable_grado_270_kg,Cordoalha de Protensão Grau 270,Kg,SIN_EQUIVALENTE,,,,,,26.36,,,Sin cordoalha de protensión en el SINAPI como insumo. Idem.,QUITAR,4,4,MATERIAL,Eléctrico
br_foco_100_w_pza,Lâmpada 100 W,Pza,SIN_EQUIVALENTE,38194,ICD,"LAMPADA LED 10 W BIVOLT BRANCA, FORMATO TRADICIONAL (BASE E27)",UN,1,10.04,3.96,0.394,Sin lámpara incandescente de 100 W. Lámpara LED 10 W E27 (equivalente lumínico).,SUSTITUIR,1,1,MATERIAL,Eléctrico
br_jabalina_de_cobre_80_cm_pza,Haste de Aterramento de Cobre 80 Cm,Pza,SIN_EQUIVALENTE,3379,ICD,"HASTE DE ATERRAMENTO EM ACO COM 3,00 M DE COMPRIMENTO E DN = 5/8"", REVESTIDA COM BAIXA CAMADA DE COBRE, SEM CONECTOR",UN,1,62.77,67.55,1.076,"Sin haste de cobre macizo de 80 cm. Jabalina de acero cobreado 5/8"" × 3 m (práctica brasileña).",SUSTITUIR,1,1,MATERIAL,Eléctrico
br_kit_electrodo_gs_15_ecogel_terraflux_pza,KIT Eletrodo GS-15 (ECOGEL + TERRAFLUX),Pza,SIN_EQUIVALENTE,,,,,,3973,,,Kit propietario. No se usa en ninguna receta BR: sacarlo de la lista de precios BR.,QUITAR,0,0,MATERIAL,Eléctrico
br_luminaria_panel_led_24_de_sobreponer_pza,Luminária Painel LED 24 de Sobrepor,Pza,SIN_EQUIVALENTE,39385,ICD,"LUMINARIA LED PLAFON REDONDO DE SOBREPOR BIVOLT 12/13 W, D = *17* CM",UN,1,37.66,9.1,0.242,Sin panel LED de sobreponer. Plafón LED redondo de sobreponer 12/13 W (el SINAPI no tiene panel de 24 W).,SUSTITUIR,1,1,MATERIAL,Eléctrico
br_luminaria_pantalla_2x20_w_led_pza,Luminária de Calha 2X20 W LED,Pza,SIN_EQUIVALENTE,38784,ICD,"LUMINARIA DE SOBREPOR EM CHAPA DE ACO COM ALETAS PLASTICAS, PARA 2 LAMPADAS, BASE E27, POTENCIA MAXIMA 40/60 W (NAO INCLUI LAMPADAS)",UN,1,104,51.38,0.494,Sin luminaria de 2 tubos LED. Luminaria de sobreponer para 2 lámparas (sin lámparas: sumar 2 × 39387 tubo LED 18/20 W).,SUSTITUIR,1,1,MATERIAL,Eléctrico
br_luminaria_spot_embutir_16w_led_pza,Luminária Spot de Embutir 16W LED,Pza,SIN_EQUIVALENTE,12266,ICD,"LUMINARIA SPOT DE SOBREPOR EM ALUMINIO COM ALETA PLASTICA PARA 1 LAMPADA, BASE E27, POTENCIA MAXIMA 40/60 W (NAO INCLUI LAMPADA)",UN,1,50.22,82.53,1.643,Sin spot LED de embutir. Spot de sobreponer E27 (sin lámpara); el SINAPI no tiene spot de embutir.,SUSTITUIR,1,1,MATERIAL,Eléctrico
br_puerta_tablero_cedro_0_80x2_10_m_pza,Porta Almofadada de Cedro 0.80X2.10 M,Pza,SIN_EQUIVALENTE,4992,ICD,"PORTA DE ABRIR / GIRO, DE MADEIRA FOLHA MEDIA (NBR 15930) DE 800 X 2100 MM, DE 35 MM A 40 MM DE ESPESSURA, NUCLEO SEMI-SOLIDO (SARRAFEADO), CAPA LISA EM HDF, ACABAMENTO EM LAMINADO NATURAL PARA VERNIZ",UN,1,772,329.82,0.427,Idem. Puerta de madera lisa semisólida 800 × 2100 (no almohadillada).,SUSTITUIR,1,1,MATERIAL,Eléctrico
br_puerta_tablero_exterior_pza,Porta Almofadada Externa,Pza,SIN_EQUIVALENTE,4989,ICD,"PORTA DE ABRIR / GIRO, DE MADEIRA FOLHA MEDIA (NBR 15930) DE 1000 X 2100 MM, DE 35 MM A 40 MM DE ESPESSURA, NUCLEO SEMI-SOLIDO (SARRAFEADO), CAPA LISA EM HDF, ACABAMENTO EM LAMINADO NATURAL PARA VERNIZ",UN,1,879,404.17,0.46,Puerta tablero (almohadillada): el SINAPI sólo tiene puertas lisas/HDF. Puerta de madera lisa 1000 × 2100 (no almohadillada).,SUSTITUIR,1,1,MATERIAL,Eléctrico
br_tablero_equipotencial_pza,Quadro de Equipotencialização,Pza,SIN_EQUIVALENTE,,,,,,220,,,Sin equivalente. No se usa en ninguna receta BR: sacarlo de la lista de precios BR.,QUITAR,0,0,MATERIAL,Eléctrico
br_accesorios_div_glb,Acessórios Diversos,Glb,SIN_EQUIVALENTE,,,,,,16.95,,,Global. Global.,QUITAR,2,2,MATERIAL,Ferretería
br_accesorios_p_estruc_aluminio_glb,Acessórios para Estrutura de Alumínio,Glb,SIN_EQUIVALENTE,,,,,,12.24,,,Global. Global; ítem NINGUNA (fachada).,QUITAR,1,1,MATERIAL,Ferretería
br_aceite_de_linaza_l,Óleo de Linhaça,L,SIN_EQUIVALENTE,,,,,,18.83,,,Sin equivalente. Sin aceite de linaza; el lustrado SINAPI usa cera (41967).,QUITAR,1,1,MATERIAL,Ferretería
br_agua_comun_l,Água Comum,L,SIN_EQUIVALENTE,,,,,,0.02,,,Sin agua como insumo. Las composiciones SINAPI no cotizan el agua.,QUITAR,2,2,MATERIAL,Ferretería
br_alc_chapa_metalico_corrug_1_m_m,Bueiro de Chapa Metálica Corrugada Ø 1 M,m,SIN_EQUIVALENTE,,,,,,929,,,Sin alcantarilla de chapa corrugada. Alcantarilla de chapa corrugada: ítem NINGUNA.,QUITAR,1,1,MATERIAL,Ferretería
br_alcohol_al_70_l,Álcool a 70%,L,SIN_EQUIVALENTE,,,,,,6.28,,,Sin equivalente. Bioseguridad (ítem NINGUNA).,QUITAR,1,1,MATERIAL,Ferretería
br_alfombra_m2,Carpete,m2,SIN_EQUIVALENTE,,,,,,37.66,,,"El SINAPI sólo tiene alfombra INSTALADA (servicio), no el material. El SINAPI trae la alfombra instalada (servicio): el ítem pasa a esa composición.",QUITAR,1,1,MATERIAL,Ferretería
br_anclajes_12v1_2_pza,Chumbadores 12V1/2,Pza,SIN_EQUIVALENTE,,,,,,2498,,,Sin equivalente (precio y nombre no concuerdan con un perno suelto). Postensado: ítems NINGUNA.,QUITAR,4,4,MATERIAL,Ferretería
br_anclajes_j_pza,Chumbadores Tipo J,Pza,SIN_EQUIVALENTE,,,,,,1.63,,,Sin equivalente. Idem.,QUITAR,2,2,MATERIAL,Ferretería
br_armazon_de_aluminio_m,Estrutura de Alumínio,m,SIN_EQUIVALENTE,,,,,,304,,,Sin equivalente. Fachada pele de vidro: ítem NINGUNA.,QUITAR,1,1,MATERIAL,Ferretería
br_barbijo_bioseguridad_kn95_5_filtros_pza,Máscara de Biossegurança KN95 5 Filtros,Pza,SIN_EQUIVALENTE,,,,,,6.28,,,El SINAPI sólo tiene PFF1 descartable y semifacial con filtro. Idem.,QUITAR,1,1,MATERIAL,Ferretería
br_base_de_anclaje_u,Base de Ancoragem,u,SIN_EQUIVALENTE,,,,,,99.18,,,Sin equivalente. Idem (placa de obra).,QUITAR,1,1,MATERIAL,Ferretería
br_basurero_para_desechos_infecciosos_pza,Lixeira para Resíduos Infectantes,Pza,SIN_EQUIVALENTE,,,,,,37.66,,,Sin equivalente. Idem.,QUITAR,1,1,MATERIAL,Ferretería
br_bisagra_te_pza,Dobradiça Tipo T,Pza,SIN_EQUIVALENTE,2432,ICD,"DOBRADICA EM ACO/FERRO, 3 1/2"" X 3"", E= 1,9 A 2 MM, COM ANEL, CROMADO OU ZINCADO, TAMPA BOLA, COM PARAFUSOS",UN,1,11.3,29.08,2.573,"Sin bisagra en T. Bisagra de acero 3 1/2"" × 3"" (no en T).",SUSTITUIR,1,1,MATERIAL,Ferretería
br_cinta_m,Fita,m,SIN_EQUIVALENTE,39431,ICD,"FITA DE PAPEL MICROPERFURADO, 50 X 150 MM, PARA TRATAMENTO DE JUNTAS DE CHAPA DE GESSO PARA DRYWALL",M,1,0.56,0.32,0.571,"Sin especificar. Cinta de papel microperforado para juntas de drywall, m.",SUSTITUIR,6,6,MATERIAL,Ferretería
br_escobas_y_cepillos_pza,Vassouras e Escovas,Pza,SIN_EQUIVALENTE,,,,,,11.93,,,Sin equivalente. Sin rol.,QUITAR,2,2,MATERIAL,Ferretería
br_fachada_flotante_vidrio_reflec_6_mm_m2,Fachada em Pele de Vidro Refletivo 6 Mm,m2,SIN_EQUIVALENTE,,,,,,292,,,Fachada armada; sin insumo. Idem.,QUITAR,1,1,MATERIAL,Ferretería
br_ganchos_j_de_80mm_kg,Ganchos tipo J de 80mm,Kg,SIN_EQUIVALENTE,,,,,,1.07,,,Sin equivalente. No se usa en ninguna receta BR: sacarlo de la lista de precios BR.,QUITAR,0,0,MATERIAL,Ferretería
br_guia_m,Guia,m,SIN_EQUIVALENTE,2762,ICD,ESTOPIM SIMPLES,M,1,4.39,14.21,3.237,"Sin especificar. Mecha: estopim simples, m.",SUSTITUIR,1,1,MATERIAL,Ferretería
br_hipoclorito_de_sodio_l,Hipoclorito de Sódio,L,SIN_EQUIVALENTE,,,,,,7.53,,,Sin hipoclorito en el SINAPI. Idem.,QUITAR,1,1,MATERIAL,Ferretería
br_juego_accesorios_de_bano_pza,Jogo de Acessórios para Banheiro,Pza,SIN_EQUIVALENTE,,,,,,132,,,"Juego; sin equivalente. El SINAPI los trae sueltos (papeleira 11703, saboneteira 11757…): rearmar el ítem.",QUITAR,1,1,MATERIAL,Ferretería
br_letrero_lona_con_diseno_m2,Placa de Lona com Arte,m2,SIN_EQUIVALENTE,,,,,,56.5,,,Sin equivalente. El ítem pasa a la placa de obra SINAPI (chapa galvanizada).,QUITAR,1,1,MATERIAL,Ferretería
br_lija_para_cubierta_hoja,Lixa para Cobertura,Hoja,SIN_EQUIVALENTE,3768,ICD,"LIXA EM FOLHA PARA FERRO, NUMERO 150",UN,1,1.88,4.03,2.144,Sin equivalente. Lija en hoja para hierro N° 150.,SUSTITUIR,1,1,MATERIAL,Ferretería
br_material_para_inyeccion_por_viga_m,Calda de Injeção (por Viga),m,SIN_EQUIVALENTE,,,,,,16.95,,,Sin equivalente. Idem.,QUITAR,4,4,MATERIAL,Ferretería
br_medidor_de_temperatura_infrarrojo_pza,Termômetro Infravermelho,Pza,SIN_EQUIVALENTE,,,,,,282,,,Sin equivalente. Idem.,QUITAR,1,1,MATERIAL,Ferretería
br_muro_termoacustico_e_100_mm_m2,Painel de Parede Termoacústico E=100 Mm,m2,SIN_EQUIVALENTE,,,,,,119,,,Panel de muro termoacústico; el SINAPI sólo trae telhas termoacústicas. Idem.,QUITAR,1,1,MATERIAL,Ferretería
br_muro_termoacustico_e_120_mm_m2,Painel de Parede Termoacústico E=120 Mm,m2,SIN_EQUIVALENTE,,,,,,127,,,Idem. Idem.,QUITAR,1,1,MATERIAL,Ferretería
br_muro_termoacustico_e_60_mm_m2,Painel de Parede Termoacústico E=60 Mm,m2,SIN_EQUIVALENTE,,,,,,102,,,Idem. Panel EPS tipo Construpanel: sin insumo; ítem NINGUNA.,QUITAR,1,1,MATERIAL,Ferretería
br_muro_termoacustico_e_75_mm_m2,Painel de Parede Termoacústico E=75 Mm,m2,SIN_EQUIVALENTE,,,,,,109,,,Idem. Idem.,QUITAR,1,1,MATERIAL,Ferretería
br_pediluvio_pza,Pedilúvio,Pza,SIN_EQUIVALENTE,,,,,,50.22,,,Sin equivalente. Idem.,QUITAR,1,1,MATERIAL,Ferretería
br_puerta_moldeada_ext_hdf_pza,Porta Moldada Externa de HDF,Pza,SIN_EQUIVALENTE,4989,ICD,"PORTA DE ABRIR / GIRO, DE MADEIRA FOLHA MEDIA (NBR 15930) DE 1000 X 2100 MM, DE 35 MM A 40 MM DE ESPESSURA, NUCLEO SEMI-SOLIDO (SARRAFEADO), CAPA LISA EM HDF, ACABAMENTO EM LAMINADO NATURAL PARA VERNIZ",UN,1,973,404.17,0.415,Puerta moldeada (relieve): el SINAPI trae puertas lisas. Puerta lisa 1000 × 2100 (no moldurada).,SUSTITUIR,1,1,MATERIAL,Ferretería
br_puerta_moldeada_int_hdf_pza,Porta Moldada Interna de HDF,Pza,SIN_EQUIVALENTE,4987,ICD,"PORTA DE ABRIR / GIRO, DE MADEIRA FOLHA MEDIA (NBR 15930) DE 900 X 2100 MM, DE 35 MM A 40 MM DE ESPESSURA, NUCLEO SEMI-SOLIDO (SARRAFEADO), CAPA LISA EM HDF, ACABAMENTO EM LAMINADO NATURAL PARA VERNIZ",UN,1,543,377.33,0.695,Idem. Puerta lisa 900 × 2100 (no moldurada).,SUSTITUIR,1,1,MATERIAL,Ferretería
br_soporte_compresor_ai_split_pza,Suporte para Condensadora de Ar Condicionado Split,Pza,SIN_EQUIVALENTE,,,,,,377,,,Sin equivalente. Sin soporte de condensadora.,QUITAR,1,1,MATERIAL,Ferretería
br_tapizon_m2,Carpete Agulhado,m2,SIN_EQUIVALENTE,,,,,,23.85,,,Idem. Idem.,QUITAR,1,1,MATERIAL,Ferretería
br_vainas_m,Bainha Metálica para Protensão,m,SIN_EQUIVALENTE,,,,,,38.29,,,Sin vaina de postensado. Idem.,QUITAR,4,4,MATERIAL,Ferretería
br_ventana_aluminio_3_hojas_m2,Janela de Alumínio 3 Folhas,m2,SIN_EQUIVALENTE,,,,,,386,,,"Ventana entera por m²; el SINAPI da ventanas por unidad y medida. Ventana de aluminio 2,40 m de 3 hojas no está; ítem NINGUNA.",QUITAR,1,1,MATERIAL,Ferretería
br_eq_estacion_total,Estação Total,Hr,SIN_EQUIVALENTE,7247,ICD,"LOCACAO DE TEODOLITO ELETRONICO, PRECISAO ANGULAR DE 5 A 7 SEGUNDOS, INCLUINDO TRIPE",H,1,30.95,2.81,0.091,"El SINAPI no tiene estación total (sólo alquiler de teodolito, 7247). Alquiler de teodolito electrónico con trípode, H.",SUSTITUIR,1,1,HERRAMIENTA,Herramientas
br_eq_maquina_losetera_tipo_pulpo_manual,Máquina Manual para Fabricação de Ladrilhos (Tipo Polvo),Hr,SIN_EQUIVALENTE,,,,,,30.95,,,Sin equivalente. Fabricación de bloquetes en obra: ítem NINGUNA.,QUITAR,1,1,HERRAMIENTA,Herramientas
br_aditivo_kg,Aditivo,Kg,SIN_EQUIVALENTE,132,ICD,"ADITIVO PLASTIFICANTE RETARDADOR DE PEGA E REDUTOR DE AGUA PARA CONCRETO, LIQUIDO E ISENTO DE CLORETOS",L,0.87,27.62,6.1944,0.224,"Aditivo sin especificar. Aditivo plastificante para concreto (L); densidad supuesta 1,15 kg/L.",SUSTITUIR,3,3,MATERIAL,Impermeabilización
br_alquitran_kg,Alcatrão,Kg,SIN_EQUIVALENTE,510,ICD,"ASFALTO MODIFICADO TIPO I - NBR 9910 (ASFALTO OXIDADO PARA IMPERMEABILIZACAO, COEFICIENTE DE PENETRACAO 25-40)",KG,1,7.22,12.64,1.751,"Sin equivalente. Juntas: asfalto oxidado tipo I (NBR 9910), kg.",SUSTITUIR,4,4,MATERIAL,Impermeabilización
br_intraplast_z_aditivo_expansor_para_grout_3_kg,"Intraplast Z, aditivo expansor para graute",3 kg,SIN_EQUIVALENTE,,,,,,131,,,Idem. No se usa en ninguna receta BR: sacarlo de la lista de precios BR.,QUITAR,0,0,MATERIAL,Impermeabilización
br_intraplast_z_aditivo_expansor_para_grout_kg,"Intraplast Z, aditivo expansor para graute",Kg,SIN_EQUIVALENTE,,,,,,62.77,,,Sin expansor para grout. No se usa en ninguna receta BR: sacarlo de la lista de precios BR.,QUITAR,0,0,MATERIAL,Impermeabilización
br_neopreno_compuesto_grado_60_dm3,Neoprene Composto Grau 60,dm3,SIN_EQUIVALENTE,,,,,,232,,,Sin neopreno de apoyo en el SINAPI. Apoyo de neopreno: ítem NINGUNA.,QUITAR,1,1,MATERIAL,Impermeabilización
br_marmol_travertino_nacional_m2,Mármore Travertino Nacional,m2,SIN_EQUIVALENTE,4818,ICD,"PISO/ REVESTIMENTO EM MARMORE, POLIDO, BRANCO COMUM, FORMATO MENOR OU IGUAL A 3025 CM2, E = *2* CM",M2,1,273,560.0,2.051,"El SINAPI sólo tiene mármol blanco común. Mármol blanco común pulido ≤ 3025 cm², m² (otra piedra).",SUSTITUIR,2,2,MATERIAL,Ladrillos y Cerámicos
br_mosaico_granitico_30x30_cm_m2,Ladrilho de Granilite 30X30 Cm,m2,SIN_EQUIVALENTE,,,,,,60.26,,,"El SINAPI sólo trae piso de granilite EJECUTADO (4786), no la baldosa. El SINAPI sólo tiene el granilite ejecutado (servicio): el ítem pasa a esa composición (ADAPTADA).",QUITAR,1,1,MATERIAL,Ladrillos y Cerámicos
br_mosaico_marmolado_40x40_cm_m2,Ladrilho Marmorizado 40X40 Cm,m2,SIN_EQUIVALENTE,38138,ICD,"LADRILHO HIDRAULICO, *30 X 30* CM, E= 2 CM, PADRAO MILANO, COR NATURAL",M2,1,78.47,134.69,1.716,"Sin equivalente. Baldosa hidráulica 30×30 e = 2 cm, m² (no marmolada).",SUSTITUIR,1,1,MATERIAL,Ladrillos y Cerámicos
br_pavic_estandar_ceramico_20x10x6_5_cm_pza,Piso Cerâmico Intertravado (Paver) 20X10X6.5 Cm,Pza,SIN_EQUIVALENTE,36155,ICD,"BLOQUETE/PISO INTERTRAVADO DE CONCRETO - MODELO ONDA/16 FACES/RETANGULAR/TIJOLINHO/PAVER/HOLANDES/PARALELEPIPEDO, *20 X 10* CM, E = 6 CM, RESISTENCIA DE 35 MPA, COR NATURAL",M2,0.02,5.21,1.6162,0.31,"Adoquín CERÁMICO: el SINAPI sólo tiene de concreto. Adoquín de CONCRETO 20×10 e = 6 cm por m²; 50 piezas/m² → 0,02 m² por pieza.",SUSTITUIR,1,1,MATERIAL,Ladrillos y Cerámicos
br_piso_flotante_m2,Piso Laminado Flutuante,m2,SIN_EQUIVALENTE,,,,,,82.86,,,Sin piso laminado. Sin piso laminado; ítem NINGUNA (o sustituir por piso vinílico en regla 38180).,QUITAR,1,1,MATERIAL,Ladrillos y Cerámicos
br_randa_guarda_ceramica_nacional_pza,Faixa decorativa cerâmica nacional,Pza,SIN_EQUIVALENTE,,,,,,6.91,,,Sin equivalente. No se usa en ninguna receta BR: sacarlo de la lista de precios BR.,QUITAR,0,0,MATERIAL,Ladrillos y Cerámicos
br_sillar_tipo_a_60x40x30_cm_pza,Bloco de Cantaria Tipo A 60X40X30 Cm,Pza,SIN_EQUIVALENTE,,,,,,52.73,,,Sin equivalente. Sillar: ítem NINGUNA.,QUITAR,1,1,MATERIAL,Ladrillos y Cerámicos
br_sillar_tipo_b_40x30x30_cm_pza,Bloco de Cantaria Tipo B 40X30X30 Cm,Pza,SIN_EQUIVALENTE,,,,,,36.41,,,Sin equivalente. Idem.,QUITAR,1,1,MATERIAL,Ladrillos y Cerámicos
br_estacas_de_madera_pza,Estacas de Madeira,Pza,SIN_EQUIVALENTE,4491,ICD,"PONTALETE *7,5 X 7,5* CM EM PINUS, MISTA OU EQUIVALENTE DA REGIAO - BRUTA",M,0.5,4.39,3.815,0.869,"Sin equivalente. Estaca = 0,5 m de pontalete 7,5×7,5 pinus (supuesto).",SUSTITUIR,1,1,MATERIAL,Madera
br_madera_tejido_kg,Madeira Trançada,Kg,SIN_EQUIVALENTE,,,,,,2.82,,,Sin equivalente. Sin rol en la práctica brasileña.,QUITAR,1,1,MATERIAL,Madera
br_sellador_para_madera_l,Selador para Madeira,L,SIN_EQUIVALENTE,10478,ICD,"VERNIZ A BASE RESINA ALQUIDICA COM POLIURETANO PARA MADEIRA, COM FILTRO SOLAR, BRILHANTE, USO INTERNO E EXTERNO",L,1,32.33,39.48,1.221,"Sin sellador para madera en el SINAPI. Barniz PU para madera, L.",SUSTITUIR,1,1,MATERIAL,Madera
br_ventana_mad_cedro_marco_2x3_m2,Janela de Madeira Cedro com Batente 2X3″,m2,SIN_EQUIVALENTE,3437,ICD,"JANELA BASCULANTE EM MADEIRA PINUS/ EUCALIPTO/ TAUARI/ VIROLA OU EQUIVALENTE DA REGIAO, CAIXA DO BATENTE/ MARCO *10* CM, *2* FOLHAS BASCULANTES PARA VIDRO, COM FERRAGENS (SEM VIDRO, SEM GUARNICAO/ALIZAR E SEM ACABAMENTO)",M2,1,232,601.13,2.591,Ventana entera; no mapear. Ventana basculante de madera (pinus/eucalipto) por m²: otro tipo y otra madera.,SUSTITUIR,1,1,MATERIAL,Madera
br_eq_amoladora,Esmerilhadeira,Hr,SIN_EQUIVALENTE,,,,,,6.88,,,"El SINAPI no tiene amoladora como equipo por hora. Las demoliciones SINAPI usan martelete, no amoladora.",QUITAR,1,1,HERRAMIENTA,Maquinaria
br_eq_equipo_especializado,Equipamento Especializado,Hr,SIN_EQUIVALENTE,,,,,,11,,,Genérico. No se usa en ninguna receta BR: sacarlo de la lista de precios BR.,QUITAR,0,0,HERRAMIENTA,Maquinaria
br_agua_potable_l,ÁGUA Potável,L,SIN_EQUIVALENTE,,,,,,0.04,,,Sin agua como insumo. No se usa en ninguna receta BR: sacarlo de la lista de precios BR.,QUITAR,0,0,MATERIAL,Obras Civiles
br_alfombra_nacional_m2,Carpete nacional,m2,SIN_EQUIVALENTE,,,,,,55.87,,,Idem. No se usa en ninguna receta BR: sacarlo de la lista de precios BR.,QUITAR,0,0,MATERIAL,Obras Civiles
br_alfombra_nacional_para_alto_trafico_m2,Carpete nacional para alto tráfego,m2,SIN_EQUIVALENTE,,,,,,85.37,,,Idem. No se usa en ninguna receta BR: sacarlo de la lista de precios BR.,QUITAR,0,0,MATERIAL,Obras Civiles
br_basurero_papelero_de_50_l_pza,Lixeira tipo papeleira de 50 l,Pza,SIN_EQUIVALENTE,,,,,,195,,,Sin equivalente. No se usa en ninguna receta BR: sacarlo de la lista de precios BR.,QUITAR,0,0,MATERIAL,Obras Civiles
br_basurero_urbano_de_50_l_pza,Lixeira urbana de 50 l,Pza,SIN_EQUIVALENTE,,,,,,200,,,Sin equivalente. No se usa en ninguna receta BR: sacarlo de la lista de precios BR.,QUITAR,0,0,MATERIAL,Obras Civiles
br_espuma_de_poliuretano_e_10mm_m2,Espuma de Poliuretano E=10mm,m2,SIN_EQUIVALENTE,,,,,,37.66,,,Sin equivalente. No se usa en ninguna receta BR: sacarlo de la lista de precios BR.,QUITAR,0,0,MATERIAL,Obras Civiles
br_miscelaneos_glb,Diversos,Glb,SIN_EQUIVALENTE,,,,,,62.77,,,Global. No se usa en ninguna receta BR: sacarlo de la lista de precios BR.,QUITAR,0,0,MATERIAL,Obras Civiles
br_mueble_de_bano_con_cajoneria_baja_m,Armário de BANHEIRO com Gaveteiro BAIXO,m,SIN_EQUIVALENTE,,,,,,281,,,Mueble; sin equivalente. No se usa en ninguna receta BR: sacarlo de la lista de precios BR.,QUITAR,0,0,MATERIAL,Obras Civiles
br_mueble_de_cocina_alto_y_bajo_cajoneria_m,"Móvel de Cozinha, Gaveteiro ALTO e BAIXO",m,SIN_EQUIVALENTE,,,,,,575,,,Mueble; sin equivalente. No se usa en ninguna receta BR: sacarlo de la lista de precios BR.,QUITAR,0,0,MATERIAL,Obras Civiles
br_plastiment_h_e_plastificante_pza,"Plastiment H-E, plastificante",Pza,SIN_EQUIVALENTE,,,,,,16.76,,,Pieza sin contenido dicho. No se usa en ninguna receta BR: sacarlo de la lista de precios BR.,QUITAR,0,0,MATERIAL,Obras Civiles
br_ropero_empotrado_moldeado_m2,Guarda-roupa embutido moldado,m2,SIN_EQUIVALENTE,,,,,,333,,,Mueble; sin equivalente. No se usa en ninguna receta BR: sacarlo de la lista de precios BR.,QUITAR,0,0,MATERIAL,Obras Civiles
br_soldadura_exotermica_90grs_grs,Solda Exotérmica 90grs,gr,SIN_EQUIVALENTE,,,,,,94.16,,,Sin soldadura exotérmica en el SINAPI. No se usa en ninguna receta BR: sacarlo de la lista de precios BR.,QUITAR,0,0,MATERIAL,Obras Civiles
br_tapa_de_inspeccion_pza,TAMPA de Inspeção,Pza,SIN_EQUIVALENTE,,,,,,207,,,Sin medida/material. No se usa en ninguna receta BR: sacarlo de la lista de precios BR.,QUITAR,0,0,MATERIAL,Obras Civiles
br_tapizon_nacional_m2,Carpete agulhado nacional,m2,SIN_EQUIVALENTE,,,,,,25.42,,,Sólo alfombra instalada en el SINAPI. No se usa en ninguna receta BR: sacarlo de la lista de precios BR.,QUITAR,0,0,MATERIAL,Obras Civiles
br_parketex_sellador_para_parquet_10_l,Selador para parquete,10 l,SIN_EQUIVALENTE,,,,,,108,,,Sin sellador de parquet. No se usa en ninguna receta BR: sacarlo de la lista de precios BR.,QUITAR,0,0,MATERIAL,Pinturas
br_phono_spray_m2,Isolamento Acústico Aplicado a Spray,m2,SIN_EQUIVALENTE,,,,,,72.66,,,Sin equivalente. Aislamiento proyectado: sin insumo; ítem NINGUNA.,QUITAR,1,1,MATERIAL,Pinturas
br_termo_spray_m2,Isolamento Térmico Aplicado a Spray,m2,SIN_EQUIVALENTE,,,,,,71,,,Sin equivalente. Idem.,QUITAR,3,3,MATERIAL,Pinturas
br_accesorios_pvc_codos_tees_glb,"Conexões de PVC (joelhos, tês)",Glb,SIN_EQUIVALENTE,,,,,,21.97,,,Global. Global de conexiones: la receta SINAPI del punto trae cada conexión.,QUITAR,2,2,MATERIAL,Plomería
br_acople_superjunta_de_110_mm_pza,Luva de Compressão de 110 Mm,Pza,SIN_EQUIVALENTE,,,,,,288,,,Cupla de compresión para PEAD: el SINAPI sólo tiene electrofusión o adaptadores. Idem.,QUITAR,1,1,MATERIAL,Plomería
br_acople_superjunta_de_20_mm_pza,Luva de Compressão de 20 Mm,Pza,SIN_EQUIVALENTE,,,,,,7.78,,,"Idem. Coeficiente ~0,01/m, sin cupla de compresión en el SINAPI.",QUITAR,1,1,MATERIAL,Plomería
br_acople_superjunta_de_25_mm_pza,Luva de Compressão de 25 Mm,Pza,SIN_EQUIVALENTE,,,,,,10.67,,,Idem. Idem.,QUITAR,1,1,MATERIAL,Plomería
br_acople_superjunta_de_32_mm_pza,Luva de Compressão de 32 Mm,Pza,SIN_EQUIVALENTE,,,,,,15.57,,,Idem. Idem.,QUITAR,1,1,MATERIAL,Plomería
br_acople_superjunta_de_40_mm_pza,Luva de Compressão de 40 Mm,Pza,SIN_EQUIVALENTE,,,,,,36.6,,,Idem. Idem.,QUITAR,1,1,MATERIAL,Plomería
br_acople_superjunta_de_50_mm_pza,Luva de Compressão de 50 Mm,Pza,SIN_EQUIVALENTE,,,,,,43.88,,,Idem. Idem.,QUITAR,1,1,MATERIAL,Plomería
br_acople_superjunta_de_63_mm_pza,Luva de Compressão de 63 Mm,Pza,SIN_EQUIVALENTE,,,,,,64.34,,,Idem. Idem.,QUITAR,1,1,MATERIAL,Plomería
br_acople_superjunta_de_75_mm_pza,Luva de Compressão de 75 Mm,Pza,SIN_EQUIVALENTE,,,,,,103,,,Idem. Idem.,QUITAR,1,1,MATERIAL,Plomería
br_acople_superjunta_de_90_mm_pza,Luva de Compressão de 90 Mm,Pza,SIN_EQUIVALENTE,,,,,,130,,,Idem. Idem.,QUITAR,1,1,MATERIAL,Plomería
br_base_de_ducha_0_80_x_0_80_m_pza,Base de Chuveiro 0.80 X 0.80 M,Pza,SIN_EQUIVALENTE,,,,,,131,,,Sin equivalente. Sin receptáculo de ducha.,QUITAR,1,1,MATERIAL,Plomería
br_bide_blanco_con_griferia_pza,Bidê Branco com Torneira,Pza,SIN_EQUIVALENTE,,,,,,279,,,Sin bidé. Sin bidé en el SINAPI; ítem NINGUNA.,QUITAR,1,1,MATERIAL,Plomería
br_bomba_hidroneumatica_1_5_hp_pza,Bomba Hidropneumática 1.5 HP,Pza,SIN_EQUIVALENTE,734,ICD,"BOMBA CENTRIFUGA, MOTOR ELETRICO TRIFASICO 1,48HP DIAMETRO DE SUCCAO X ELEVACAO 1 1/2"" X 1"", DIAMETRO DO ROTOR 117 MM, HM/Q: 10 M / 21,9 M3/H A 24 M / 6,1 M3/H",UN,1,3434,1281.61,0.373,"Sin equipo hidroneumático. Bomba centrífuga 1,48 HP (sin tanque hidroneumático).",SUSTITUIR,2,2,MATERIAL,Plomería
br_bomba_hidroneumatica_2_hp_pza,Bomba Hidropneumática 2 HP,Pza,SIN_EQUIVALENTE,736,ICD,"BOMBA CENTRIFUGA MOTOR ELETRICO TRIFASICO 2,96HP, DIAMETRO DE SUCCAO X ELEVACAO 1 1/2"" X 1 1/4"", DIAMETRO DO ROTOR 148 MM, HM/Q: 34 M / 14,80 M3/H A 40 M / 8,60 M3/H",UN,1,4237,1788.24,0.422,"Idem. Bomba centrífuga 2,96 HP (no hay 2 HP ni hidroneumática).",SUSTITUIR,1,1,MATERIAL,Plomería
br_caja_receptora_pvc_8_x40_cm_pza,Caixa Receptora de PVC 8″X40 Cm,Pza,SIN_EQUIVALENTE,11714,ICD,"CAIXA SIFONADA, PVC, 150 X *185* X 75 MM, COM GRELHA QUADRADA, BRANCA",UN,1,55.24,80.05,1.449,Sin equivalente. Caja sifonada PVC 150×185×75 (la más grande de PVC).,SUSTITUIR,1,1,MATERIAL,Plomería
br_camara_septica_plastica_1200_lt_pza,Fossa Séptica Plástica 1200 L,Pza,SIN_EQUIVALENTE,,,,,,841,,,Sin fosa séptica plástica (sólo anillos de concreto). Fosa plástica: el SINAPI arma la fosa con anillos de concreto (ADAPTADA).,QUITAR,1,1,MATERIAL,Plomería
br_camara_septica_plastica_2300_lt_pza,Fossa Séptica Plástica 2300 L,Pza,SIN_EQUIVALENTE,,,,,,1682,,,Idem. Idem.,QUITAR,1,1,MATERIAL,Plomería
br_cinta_union_cesped_sintetico_m,Fita de União para Grama Sintética,m,SIN_EQUIVALENTE,,,,,,4.39,,,Sin equivalente. Césped sintético: ítem NINGUNA.,QUITAR,2,2,MATERIAL,Plomería
br_ducha_completa_mas_instalacion_glb,Chuveiro Completo com Instalação,Glb,SIN_EQUIVALENTE,,,,,,94.16,,,Incluye instalación (global). Idem.,QUITAR,1,1,MATERIAL,Plomería
br_fosa_septica_de_polie_1100_sanear_pza,Fossa Séptica de Polietileno 1100 L,Pza,SIN_EQUIVALENTE,,,,,,910,,,Idem. Idem.,QUITAR,1,1,MATERIAL,Plomería
br_fosa_septica_de_polie_2500_sanear_pza,Fossa Séptica de Polietileno 2500 L,Pza,SIN_EQUIVALENTE,,,,,,1946,,,Idem. Idem.,QUITAR,1,1,MATERIAL,Plomería
br_lona_de_pvc_con_impresion_digital_m2,Lona de PVC com Impressão Digital,m2,SIN_EQUIVALENTE,,,,,,25.11,,,Sin equivalente. Idem.,QUITAR,1,1,MATERIAL,Plomería
br_manguera_de_expulsion_o_3_m,Mangueira de recalque Ø 3″,m,SIN_EQUIVALENTE,,,,,,41.12,,,"Sin manguera de impulsión de 3"". No se usa en ninguna receta BR: sacarlo de la lista de precios BR.",QUITAR,0,0,MATERIAL,Plomería
br_manguera_de_succion_o_3_m,Mangueira de sucção Ø 3″,m,SIN_EQUIVALENTE,,,,,,74.7,,,"Sólo 2"" y 4"" con espiral. No se usa en ninguna receta BR: sacarlo de la lista de precios BR.",QUITAR,0,0,MATERIAL,Plomería
br_motobomba_5_5_hp_honda_3_3_pza,"Motobomba 5.5 HP Honda, 3″ × 3″",Pza,SIN_EQUIVALENTE,,,,,,5107,,,Compra de motobomba; el SINAPI sólo la da como costo horario. No se usa en ninguna receta BR: sacarlo de la lista de precios BR.,QUITAR,0,0,MATERIAL,Plomería
br_reja_metalica_tubo_rect_20x30_mm_m,Grade Metálica em Tubo Retangular 20X30 Mm,m,SIN_EQUIVALENTE,,,,,,264,,,Reja armada; sin insumo. Reja armada; ítem NINGUNA/ADAPTADA a gradil SINAPI.,QUITAR,1,1,MATERIAL,Plomería
br_rejilla_de_piso_20x20_cm_bronce_pza,Grelha de Piso 20X20 Cm em Bronze,Pza,SIN_EQUIVALENTE,11234,ICD,"RALO FOFO COM REQUADRO, QUADRADO 200 X 200 MM",UN,1,37.66,76.1,2.021,"El SINAPI tiene rejillas de PVC/hierro fundido, no de bronce. Rejilla/ralo de hierro fundido 200×200 con marco.",SUSTITUIR,1,1,MATERIAL,Plomería
br_rejilla_de_piso_6_bronce_pza,Grelha de Piso 6″ em Bronze,Pza,SIN_EQUIVALENTE,11732,ICD,"GRELHA FIXA, PVC CROMADA, REDONDA, 150 MM, PARA RALOS E CAIXAS",UN,1,35.78,31.28,0.874,Idem. Rejilla de PVC cromada redonda 150 mm.,SUSTITUIR,1,1,MATERIAL,Plomería
br_supertubo_hdpe_125_mm_5_pn8_m,Tubo de PEAD 125 Mm (5″) PN8,m,SIN_EQUIVALENTE,,,,,,57.38,,,Sin PEAD 125 mm. Idem.,QUITAR,1,1,MATERIAL,Plomería
br_supertubo_hdpe_250_mm_10_pn6_m,Tubo de PEAD 250 Mm (10″) PN6,m,SIN_EQUIVALENTE,,,,,,185,,,Sin PEAD 250 mm. Idem.,QUITAR,1,1,MATERIAL,Plomería
br_supertubo_hdpe_25_mm_3_4_m,Tubo de PEAD 25 Mm (3/4″),m,SIN_EQUIVALENTE,,,,,,4.33,,,Sin PEAD 25 mm. Sin PEAD de ese diámetro: el ítem queda NINGUNA (no inventar con otro diámetro).,QUITAR,1,1,MATERIAL,Plomería
br_supertubo_hdpe_40_mm_1_1_4_m,Tubo de PEAD 40 Mm (1 1/4″),m,SIN_EQUIVALENTE,,,,,,7.47,,,Sin PEAD 40 mm. Idem.,QUITAR,1,1,MATERIAL,Plomería
br_supertubo_hdpe_63_mm_2_m,Tubo de PEAD 63 Mm (2″),m,SIN_EQUIVALENTE,,,,,,14.63,,,Sin PEAD 63 mm. Idem.,QUITAR,1,1,MATERIAL,Plomería
br_supertubo_hdpe_90_mm_3_m,Tubo de PEAD 90 Mm (3″),m,SIN_EQUIVALENTE,,,,,,29.94,,,Sin PEAD 90 mm. Idem.,QUITAR,1,1,MATERIAL,Plomería
br_tina_blanca_con_griferia_pza,Banheira Branca com Torneira,Pza,SIN_EQUIVALENTE,,,,,,986,,,Sin bañera en el SINAPI. Sin bañera; ítem NINGUNA.,QUITAR,1,1,MATERIAL,Plomería
br_tubo_de_hormigon_10_para_desague_m,Tubo de Concreto 10″ para Esgoto,m,SIN_EQUIVALENTE,,,,,,44.57,,,El SINAPI de concreto empieza en DN 200 (simple) / 300 (armado); 250 mm no está. Sin tubo de concreto de 250 mm; ítem NINGUNA.,QUITAR,1,1,MATERIAL,Plomería
br_union_por_termofusion_10_pza,União por Termofusão 10″,Pza,SIN_EQUIVALENTE,,,,,,16.95,,,Sin equivalente. Idem.,QUITAR,1,1,MATERIAL,Plomería
br_union_por_termofusion_5_pza,União por Termofusão 5″,Pza,SIN_EQUIVALENTE,,,,,,10.67,,,Sin equivalente. Sin unión por termofusión.,QUITAR,1,1,MATERIAL,Plomería
br_union_por_termofusion_6_pza,União por Termofusão 6″,Pza,SIN_EQUIVALENTE,,,,,,11.74,,,Sin equivalente. Idem.,QUITAR,1,1,MATERIAL,Plomería
br_union_por_termofusion_8_pza,União por Termofusão 8″,Pza,SIN_EQUIVALENTE,,,,,,14.69,,,Sin equivalente. Idem.,QUITAR,1,1,MATERIAL,Plomería
